,id,time,event,option1
0,72609057,0.0,drama,
1,72609057,0.46142361111111113,drama,
2,72609057,0.4903472222222222,drama,
3,72609057,0.5192824074074074,drama,
4,72609057,0.5481712962962964,drama,
5,72609057,0.5772569444444444,drama,
6,72609057,0.60625,drama,
7,72609057,0.8358796296296296,drama,
8,72609057,0.8645949074074074,drama,
9,72609057,0.8938194444444445,drama,
10,72609057,1.0035648148148149,drama,
11,72609057,1.368287037037037,drama,
12,72609057,1.3997569444444444,drama,
13,72609057,1.4448032407407407,drama,
14,72609057,1.4751273148148147,drama,
15,72609057,1.5066435185185185,drama,
16,72609057,1.5373958333333333,drama,
17,72609057,1.5675231481481482,drama,
18,72609057,1.5978472222222222,drama,
19,72609057,1.6365046296296297,drama,
20,72609057,1.742175925925926,drama,
21,72609057,1.772523148148148,drama,
22,72609057,1.802662037037037,drama,
23,72609057,2.3769444444444443,others,
24,72609057,2.380462962962963,others,
25,72609057,2.48224537037037,others,
26,72609057,2.5744907407407407,entertainment,
27,72609057,2.596111111111111,kids,
28,72609057,2.718287037037037,others,
29,72609057,2.794421296296296,others,
30,72609057,2.7970486111111112,others,
31,72609057,2.855324074074074,movie,
32,72609057,2.891446759259259,others,
33,72609057,3.7842592592592594,drama,
34,72609057,3.785277777777778,drama,
35,72609057,3.8156481481481483,drama,
36,72609057,3.848148148148148,drama,
37,72609057,3.8806712962962964,drama,
38,72609057,4.605914351851852,movie,
39,72609057,4.608668981481482,kids,
40,72609057,4.692141203703704,movie,
41,72609057,4.719212962962963,movie,
42,72609057,5.878425925925926,others,
43,72609057,6.462511574074074,drama,
44,72609057,6.493090277777778,drama,
45,72609057,6.523541666666667,drama,
46,72609057,6.553993055555556,drama,
47,72609057,6.58462962962963,drama,
48,72609057,6.614884259259259,drama,
49,72609057,6.7728125,drama,
50,72609057,6.785914351851852,drama,
51,72609057,6.816435185185185,drama,
52,72609057,6.846817129629629,drama,
53,72609057,6.877152777777778,drama,
54,72609057,7.622349537037037,others,
55,72609057,10.367511574074074,movie,
56,72609057,10.388055555555555,movie,
57,72609057,10.4503125,news,
58,72609057,11.471122685185184,movie,
59,72609057,11.79804398148148,entertainment,
60,72609057,11.801851851851852,kids,
61,72609057,11.805358796296296,entertainment,
62,72609057,11.806655092592592,entertainment,
63,72609057,11.809722222222222,others,
64,72609057,11.812048611111111,movie,
65,72609057,11.898344907407408,others,
66,72609057,13.442604166666667,others,
67,72609057,13.597534722222223,others,
68,72609057,13.6553125,others,
69,72609057,13.660902777777778,movie,
70,72609057,13.73320601851852,entertainment,
71,72609057,13.734421296296297,entertainment,
72,72609057,13.735625,entertainment,
73,72609057,13.736655092592592,entertainment,
74,72609057,13.737962962962962,entertainment,
75,72609057,13.738495370370371,entertainment,
76,72609057,13.740868055555556,movie,
77,72609057,14.421666666666667,drama,
78,72609057,14.479270833333333,drama,
79,72609057,14.508356481481481,drama,
80,72609057,14.537581018518518,drama,
81,72609057,14.566539351851851,drama,
82,72609057,14.595659722222223,drama,
83,72609057,14.62482638888889,drama,
84,72609057,14.654039351851852,drama,
85,72609057,14.683275462962962,drama,
86,72609057,14.734108796296296,drama,
87,72609057,14.764976851851852,drama,
88,72609057,14.879594907407407,drama,
89,72609057,14.907407407407407,drama,
90,72609057,15.724027777777778,drama,
91,72609057,15.752002314814815,drama,
92,72609057,15.781666666666666,drama,
93,72609057,15.809826388888888,drama,
94,72609057,16.68116898148148,others,
95,72609057,16.68238425925926,others,
96,72609057,16.683935185185184,others,
97,72609057,16.68577546296296,others,
98,72609057,16.752199074074074,drama,
99,72609057,16.78128472222222,drama,
100,72609057,16.811064814814817,drama,
101,72609057,16.839375,drama,
102,72609057,16.86721064814815,drama,
103,72609057,17.802372685185187,drama,
104,72609057,18.56431712962963,movie,
105,72609057,18.613020833333334,movie,
106,72609057,18.62613425925926,others,
107,72609057,18.753541666666667,drama,
108,72609057,18.78048611111111,drama,
109,72609057,18.80847222222222,drama,
110,72609057,18.838148148148147,drama,
111,72609057,18.867395833333333,drama,
112,72609057,18.89667824074074,drama,
113,72609057,18.925104166666667,drama,
114,72609057,18.954675925925926,drama,
115,72609057,19.498784722222222,drama,
116,72609057,19.500636574074075,drama,
117,72609057,19.52855324074074,drama,
118,72609057,19.55840277777778,drama,
119,72609057,19.586643518518517,drama,
120,72609057,19.614837962962962,drama,
121,72609057,19.75787037037037,drama,
122,72609057,19.79246527777778,drama,
123,72609057,19.81662037037037,drama,
124,72609057,19.844652777777778,drama,
125,72609057,20.315983796296297,drama,
126,72609057,20.34197916666667,drama,
127,72609057,20.369340277777777,drama,
128,72609057,20.397546296296298,drama,
129,72609057,20.516550925925927,drama,
130,72609057,20.544699074074074,drama,
131,72609057,20.57300925925926,drama,
132,72609057,20.601261574074073,drama,
133,72609057,20.6296875,drama,
134,72609057,20.688159722222224,entertainment,
135,72609057,20.693564814814813,entertainment,
136,72609057,20.698043981481483,entertainment,
137,72609057,20.704398148148147,entertainment,
138,72609057,20.71840277777778,entertainment,
139,72609057,20.724953703703704,entertainment,
140,72609057,20.730833333333333,entertainment,
141,72609057,20.733819444444446,entertainment,
142,72609057,20.737673611111113,entertainment,
143,72609057,20.744537037037038,entertainment,
144,72609057,20.749861111111112,entertainment,
145,72609057,20.75459490740741,entertainment,
146,72609057,20.75675925925926,entertainment,
147,72609057,20.75988425925926,entertainment,
148,72609057,20.763333333333332,entertainment,
149,72609057,20.768541666666668,entertainment,
150,72609057,20.774212962962963,entertainment,
151,72609057,20.77954861111111,entertainment,
152,72609057,20.781122685185185,entertainment,
153,72609057,20.783796296296295,entertainment,
154,72609057,20.786087962962963,entertainment,
155,72609057,20.79104166666667,entertainment,
156,72609057,20.793275462962963,entertainment,
157,72609057,20.797002314814815,entertainment,
158,72609057,20.80087962962963,kids,
159,72609057,21.472060185185185,drama,
160,72609057,21.500671296296296,drama,
161,72609057,21.52900462962963,drama,
162,72609057,21.557199074074074,drama,
163,72609057,21.585277777777776,drama,
164,72609057,21.75611111111111,drama,
165,72609057,21.784641203703703,drama,
166,72609057,21.811921296296298,drama,
167,72609057,21.840497685185184,drama,
168,72609057,21.868773148148147,drama,
169,72609057,21.89736111111111,drama,
170,72609057,21.92703703703704,drama,
171,72609057,22.537974537037037,drama,
172,72609057,22.56605324074074,drama,
173,72609057,22.59547453703704,drama,
174,72609057,22.82648148148148,drama,
175,72609057,22.827476851851852,drama,
176,72609057,22.855300925925928,drama,
177,72609057,22.886469907407406,daily life,
178,72609057,22.918738425925927,daily life,
179,72609057,23.41349537037037,drama,
180,72609057,23.470625,drama,
181,72609057,23.50028935185185,drama,
182,72609057,23.502488425925925,daily life,
183,72609057,23.53408564814815,daily life,
184,72609057,23.54746527777778,daily life,
185,72609057,23.57792824074074,daily life,
186,72609057,23.60959490740741,daily life,
187,72609057,23.63912037037037,daily life,
188,72609057,23.669027777777778,daily life,
189,72609057,23.71412037037037,movie,
190,72609057,23.724814814814813,daily life,
191,72609057,23.75457175925926,daily life,
192,72609057,23.783969907407407,daily life,
193,72609057,23.814328703703705,daily life,
194,72609057,23.843298611111113,daily life,
195,72609057,23.872743055555556,daily life,
196,72609057,23.92015046296296,entertainment,
197,72609057,23.92400462962963,daily life,
198,72609057,23.953819444444445,daily life,
199,72609057,23.98321759259259,daily life,
200,72609057,24.013310185185187,daily life,
201,72609057,24.34491898148148,daily life,
202,72609057,24.374849537037036,daily life,
203,72609057,24.730868055555554,daily life,
204,72609057,24.731782407407408,daily life,
205,72609057,24.761736111111112,daily life,
206,72609057,24.79113425925926,daily life,
207,72609057,24.820775462962963,daily life,
208,72609057,24.850127314814817,daily life,
209,72609057,24.88047453703704,drama,
210,72609057,25.835891203703703,drama,
211,72609057,25.892002314814814,movie,
212,72609057,26.330914351851852,others,
213,72609057,26.565509259259258,movie,
214,72609057,26.57673611111111,movie,
215,72609057,26.64060185185185,movie,
216,72609057,26.647106481481483,movie,
217,72609057,26.71496527777778,others,
218,72609057,26.72011574074074,kids,
219,72609057,26.72199074074074,kids,
220,72609057,26.80896990740741,movie,
221,72609057,27.60644675925926,others,
222,72609057,27.675173611111113,others,
223,72609057,27.68202546296296,drama,
224,72609057,27.73673611111111,drama,
225,72609057,27.764247685185186,drama,
226,72609057,27.79337962962963,drama,
227,72609057,27.82122685185185,drama,
228,72609057,27.84898148148148,drama,
229,72609057,27.876886574074074,drama,
230,72609057,27.925555555555555,drama,
231,72609057,28.386157407407406,drama,
232,72609057,28.413993055555554,drama,
233,72609057,28.47349537037037,drama,
234,72609057,28.50144675925926,drama,
235,72609057,28.529710648148146,drama,
236,72609057,28.74056712962963,kids,
237,72609057,28.742581018518518,kids,
238,72609057,28.843449074074073,kids,
239,72609057,28.846689814814816,kids,
240,72609057,28.84986111111111,kids,
241,72609057,28.8540625,others,
242,72609057,28.85726851851852,entertainment,
243,72609057,28.860185185185184,entertainment,
244,72609057,29.347627314814815,drama,
245,72609057,29.375381944444445,drama,
246,72609057,29.402800925925927,drama,
247,72609057,29.431354166666665,drama,
248,72609057,29.459155092592592,drama,
249,72609057,29.486284722222223,drama,
250,72609057,30.453506944444445,drama,
251,72609057,30.481458333333332,drama,
252,72609057,30.510833333333334,drama,
253,72609057,30.540185185185184,drama,
254,72609057,31.004895833333332,drama,
255,72609057,31.30666666666667,drama,
256,72609057,31.334791666666668,drama,
257,72609057,31.362430555555555,drama,
258,72609057,31.390474537037036,drama,
259,72609057,31.418391203703703,drama,
260,72609057,31.446840277777778,drama,
261,72609057,31.47431712962963,drama,
262,72609057,31.502222222222223,drama,
263,72609057,31.532037037037036,drama,
264,72609057,31.56230324074074,drama,
265,72609057,32.47270833333334,movie,
266,72609057,32.538159722222225,entertainment,
267,72609057,33.020694444444445,drama,
268,72609057,33.04945601851852,drama,
269,72609057,33.36739583333333,others,
270,72609057,33.47549768518518,drama,
271,72609057,33.513275462962966,drama,
272,72609057,33.51920138888889,drama,
273,72609057,33.548356481481484,drama,
274,72609057,33.70269675925926,drama,
275,72609057,33.70476851851852,kids,
276,72609057,33.71831018518518,others,
277,72609057,33.853101851851854,drama,
278,72609057,33.882789351851855,drama,
279,72609057,33.911261574074075,drama,
280,72609057,33.99030092592593,drama,
281,72609057,34.004560185185184,drama,
282,72609057,34.00969907407407,drama,
283,72609057,34.38545138888889,drama,
284,72609057,34.4146875,drama,
285,72609057,34.44394675925926,drama,
286,72609057,34.47056712962963,drama,
287,72609057,34.49944444444444,drama,
288,72609057,34.62967592592592,drama,
289,72609057,34.750092592592594,entertainment,
290,72609057,34.75077546296296,entertainment,
291,72609057,34.751354166666665,entertainment,
292,72609057,34.75328703703704,entertainment,
293,72609057,34.75616898148148,entertainment,
294,72609057,34.75725694444444,entertainment,
295,72609057,34.758125,entertainment,
296,72609057,34.75997685185185,entertainment,
297,72609057,34.76707175925926,drama,
298,72609057,34.796284722222225,drama,
299,72609057,34.82542824074074,drama,
300,72609057,34.85358796296296,drama,
301,72609057,34.88275462962963,drama,
302,72609057,34.91211805555555,drama,
303,72609057,34.94148148148148,drama,
304,72609057,34.97071759259259,drama,
305,72609057,35.00755787037037,drama,
306,72609057,35.02869212962963,drama,
307,72609057,35.05784722222222,drama,
308,72609057,35.06180555555556,drama,
309,72609057,35.09119212962963,drama,
310,72609057,35.12028935185185,drama,
311,72609057,35.482824074074074,drama,
312,72609057,35.512141203703706,drama,
313,72609057,35.54148148148148,drama,
314,72609057,35.571979166666665,drama,
315,72609057,35.60413194444445,drama,
316,72609057,35.63358796296296,drama,
317,72609057,35.752928240740744,entertainment,
318,72609057,35.75978009259259,entertainment,
319,72609057,35.76320601851852,entertainment,
320,72609057,35.765972222222224,drama,
321,72609057,35.79537037037037,drama,
322,72609057,35.824814814814815,drama,
323,72609057,35.842523148148146,drama,
324,72609057,35.86825231481482,drama,
325,72609057,35.88320601851852,drama,
326,72609057,35.906099537037036,drama,
327,72609057,35.91506944444444,drama,
328,72609057,35.93076388888889,drama,
329,72609057,36.68717592592593,drama,
330,72609057,36.71658564814815,drama,
331,72609057,36.74601851851852,drama,
332,72609057,36.77550925925926,drama,
333,72609057,36.80494212962963,drama,
334,72609057,36.83545138888889,drama,
335,72609057,36.86431712962963,drama,
336,72609057,36.89530092592592,drama,
337,72609057,36.92552083333333,drama,
338,72609057,37.69644675925926,drama,
339,72609057,37.72717592592593,drama,
340,72609057,37.75686342592593,drama,
341,72609057,37.7887037037037,drama,
342,72609057,37.88275462962963,drama,
343,72609057,37.91304398148148,drama,
344,72609057,38.69090277777778,drama,
345,72609057,38.69280092592592,drama,
346,72609057,38.771203703703705,drama,
347,72609057,38.800810185185185,drama,
348,72609057,38.83090277777778,drama,
349,72609057,38.86082175925926,drama,
350,72609057,38.89072916666667,drama,
351,72609057,39.84383101851852,drama,
352,72609057,39.873784722222226,drama,
353,72609057,40.70476851851852,drama,
354,72609057,40.7340162037037,drama,
355,72609057,40.76291666666667,drama,
356,72609057,40.79228009259259,drama,
357,72609057,40.82086805555556,drama,
358,72609057,40.85150462962963,drama,
359,72609057,41.32802083333333,drama,
360,72609057,41.35699074074074,drama,
361,72609057,41.385925925925925,drama,
362,72609057,41.41533564814815,drama,
363,72609057,41.44436342592593,drama,
364,72609057,41.473391203703706,drama,
365,72609057,41.502361111111114,drama,
366,72609057,41.53133101851852,drama,
367,72609057,41.5603587962963,drama,
368,72609057,41.59004629629629,drama,
369,72609057,41.61903935185185,drama,
370,72609057,41.648020833333334,drama,
371,72609057,41.69581018518519,drama,
372,72609057,41.70427083333333,drama,
373,72609057,41.73326388888889,drama,
374,72609057,41.76222222222222,drama,
375,72609057,41.791238425925926,drama,
376,72609057,41.83549768518518,drama,
377,72609057,41.84871527777778,drama,
378,72609057,41.88295138888889,drama,
379,72609057,41.91564814814815,drama,
380,72609057,42.377662037037034,news,
381,72609057,42.45244212962963,drama,
382,72609057,42.483020833333335,drama,
383,72609057,42.525486111111114,drama,
384,72609057,42.553958333333334,drama,
385,72609057,42.5840625,drama,
386,72609057,42.74840277777778,drama,
387,72609057,42.77696759259259,drama,
388,72609057,42.805416666666666,drama,
389,72609057,42.83383101851852,drama,
390,72609057,42.861979166666664,drama,
391,72609057,42.890208333333334,drama,
392,72609057,42.91855324074074,drama,
393,72609057,43.33966435185185,drama,
394,72609057,43.36806712962963,drama,
395,72609057,43.425497685185185,drama,
396,72609057,43.453969907407405,drama,
397,72609057,43.48274305555555,drama,
398,72609057,43.51150462962963,drama,
399,72609057,43.54,drama,
400,72609057,43.99293981481482,drama,
401,72609057,44.45934027777778,drama,
402,72609057,44.50256944444445,drama,
403,72609057,44.53181712962963,drama,
404,72609057,44.562905092592594,drama,
405,72609057,44.718344907407406,kids,
406,72609057,44.71951388888889,kids,
407,72609057,44.72075231481482,others,
408,72609057,44.72204861111111,others,
409,72609057,44.72283564814815,movie,
410,72609057,44.724756944444444,news,
411,72609057,44.78918981481481,kids,
412,72609057,44.99107638888889,drama,
413,72609057,45.32224537037037,movie,
414,72609057,45.40259259259259,drama,
415,72609057,45.45540509259259,drama,
416,72609057,45.47496527777778,drama,
417,72609057,45.50380787037037,drama,
418,72609057,45.523912037037036,drama,
419,72609057,45.5475462962963,drama,
420,72609057,46.36673611111111,drama,
421,72609057,46.395497685185184,drama,
422,72609057,46.41858796296296,drama,
423,72609057,46.447430555555556,drama,
424,72609057,46.49869212962963,drama,
425,72609057,46.52173611111111,drama,
426,72609057,46.55034722222222,drama,
427,72609057,46.98953703703704,drama,
428,72609057,47.41065972222222,drama,
429,72609057,47.43946759259259,drama,
430,72609057,47.478993055555556,drama,
431,72609057,47.507280092592595,drama,
432,72609057,47.53533564814815,drama,
433,72609057,47.99855324074074,drama,
434,72609057,48.02728009259259,drama,
435,72609057,48.05576388888889,drama,
436,72609057,48.41164351851852,drama,
437,72609057,48.45650462962963,drama,
438,72609057,48.485625,drama,
439,72609057,48.51416666666667,drama,
440,72609057,48.542858796296294,drama,
441,72609057,48.5715162037037,drama,
442,72609057,48.60005787037037,drama,
443,72609057,48.666689814814816,drama,
444,72609057,48.69538194444444,drama,
445,72609057,48.74570601851852,drama,
446,72609057,48.77420138888889,drama,
447,72609057,48.802881944444444,drama,
448,72609057,48.831550925925924,drama,
449,72609057,48.85885416666667,drama,
450,72609057,48.887511574074075,drama,
451,72609057,48.91612268518519,drama,
452,72609057,48.94479166666667,drama,
453,72609057,48.9721875,drama,
454,72609057,49.00070601851852,drama,
455,72609057,49.02939814814815,drama,
456,72609057,49.05790509259259,drama,
457,72609057,49.0865625,drama,
458,72609057,49.36798611111111,drama,
459,72609057,49.39652777777778,drama,
460,72609057,49.425057870370374,drama,
461,72609057,49.453726851851854,drama,
462,72609057,49.48240740740741,drama,
463,72609057,49.51108796296296,drama,
464,72609057,49.56648148148148,drama,
465,72609057,49.59502314814815,drama,
466,72609057,49.62543981481482,drama,
467,72609057,49.63084490740741,documentary,
468,72609057,49.63355324074074,entertainment,
469,72609057,49.63614583333333,entertainment,
470,72609057,49.63759259259259,entertainment,
471,72609057,49.63871527777778,entertainment,
472,72609057,49.64158564814815,entertainment,
473,72609057,49.65054398148148,others,
474,72609057,49.73662037037037,drama,
475,72609057,49.7653125,drama,
476,72609057,49.793819444444445,drama,
477,72609057,49.82233796296296,drama,
478,72609057,49.85084490740741,drama,
479,72609057,49.87952546296296,drama,
480,72609057,50.69608796296296,movie,
481,72609057,50.880011574074075,others,
482,72609057,50.881875,others,
483,72609057,51.75719907407407,drama,
484,72609057,51.78810185185185,drama,
485,72609057,51.81805555555555,drama,
486,72609057,51.849016203703705,drama,
487,72609057,51.87767361111111,drama,
488,72609057,51.907731481481484,drama,
489,72609057,53.87783564814815,drama,
490,72609057,54.83600694444444,drama,
491,72609057,54.864826388888886,drama,
492,72609057,54.89571759259259,drama,
493,72609057,55.310069444444444,drama,
494,72609057,55.33884259259259,drama,
495,72609057,55.367604166666666,drama,
496,72609057,55.396388888888886,drama,
497,72609057,55.425243055555555,drama,
498,72609057,55.44346064814815,drama,
499,72609057,55.46949074074074,drama,
500,72609057,55.49167824074074,drama,
501,72609057,55.557870370370374,others,
502,72609057,55.581608796296294,others,
503,72609057,55.62324074074074,movie,
504,72609057,56.311516203703704,drama,
505,72609057,56.342847222222225,drama,
506,72609057,56.37148148148148,drama,
507,72609057,56.400173611111114,drama,
508,72609057,56.428900462962964,drama,
509,72609057,56.457627314814815,drama,
510,72609057,56.486296296296295,drama,
511,72609057,56.514155092592596,drama,
512,72609057,56.54446759259259,drama,
513,72609057,56.57319444444445,drama,
514,72609057,56.60194444444444,drama,
515,72609057,56.62362268518518,drama,
516,72609057,56.64194444444445,drama,
517,72609057,56.66247685185185,drama,
518,72609057,56.679270833333334,drama,
519,72609057,56.71181712962963,drama,
520,72609057,56.74696759259259,drama,
521,72609057,56.76865740740741,drama,
522,72609057,56.78684027777778,drama,
523,72609057,56.79579861111111,drama,
524,72609057,56.81002314814815,drama,
525,72609057,56.83431712962963,drama,
526,72609057,56.86011574074074,drama,
527,72609057,56.87982638888889,drama,
528,72609057,56.89111111111111,drama,
529,72609057,56.89398148148148,drama,
530,72609057,56.92268518518519,drama,
531,72609057,57.35623842592592,drama,
532,72609057,57.41292824074074,drama,
533,72609057,57.438472222222224,drama,
534,72609057,57.45666666666666,drama,
535,72609057,57.49736111111111,drama,
536,72609057,57.52446759259259,drama,
537,72609057,57.553136574074074,drama,
538,72609057,57.70943287037037,movie,
539,72609057,57.711909722222224,entertainment,
540,72609057,57.71299768518519,kids,
541,72609057,57.71439814814815,kids,
542,72609057,57.715243055555554,kids,
543,72609057,59.3966087962963,movie,
544,72609057,59.93604166666667,movie,
545,72609057,59.939849537037034,others,
546,72609057,60.4584375,drama,
547,72609057,61.36020833333333,drama,
548,72609057,61.38902777777778,drama,
549,72609057,61.46333333333333,drama,
550,72609057,61.491331018518515,drama,
551,72609057,61.80474537037037,kids,
552,72609057,61.80549768518519,others,
553,72609057,61.80777777777778,kids,
554,72609057,61.81042824074074,kids,
555,72609057,61.81239583333333,kids,
556,72609057,61.81505787037037,entertainment,
557,72609057,61.81798611111111,kids,
558,72609057,61.82313657407408,movie,
559,72609057,61.82618055555555,kids,
560,72609057,61.829664351851854,kids,
561,72609057,61.832569444444445,drama,
562,72609057,61.83575231481481,kids,
563,72609057,61.83864583333333,kids,
564,72609057,61.84244212962963,kids,
565,72609057,61.84478009259259,kids,
566,72609057,61.84546296296296,kids,
567,72609057,61.84859953703704,kids,
568,72609057,61.85233796296296,kids,
569,72609057,61.85306712962963,kids,
570,72609057,61.856759259259256,movie,
571,72609057,61.91625,others,
572,72609057,61.91791666666666,news,
573,72609057,61.91966435185185,news,
574,72609057,61.92181712962963,news,
575,72609057,62.41603009259259,drama,
576,72609057,62.44634259259259,drama,
577,72609057,62.475081018518516,drama,
578,72609057,62.50380787037037,drama,
579,72609057,62.53320601851852,drama,
580,72609057,62.56351851851852,drama,
581,72609057,62.593842592592594,drama,
582,72609057,62.62416666666667,drama,
583,72609057,62.652256944444446,drama,
584,72609057,62.68259259259259,drama,
585,72609057,62.73733796296296,drama,
586,72609057,62.76614583333333,drama,
587,72609057,62.79487268518518,drama,
588,72609057,62.82361111111111,drama,
589,72609057,62.83978009259259,drama,
590,72609057,62.85616898148148,others,
591,72609057,62.88302083333333,others,
592,72609057,62.92741898148148,drama,
593,72609057,63.5519212962963,science,
594,72609057,63.58373842592592,science,
595,72609057,63.59123842592592,others,
596,72609057,63.60010416666667,others,
597,72609057,63.6071875,others,
598,72609057,63.66399305555556,others,
599,72609057,63.737546296296294,others,
600,72609057,63.80025462962963,others,
601,72609057,63.81210648148148,kids,
602,72609057,63.8269212962963,kids,
603,72609057,64.75273148148148,kids,
604,72609057,64.75409722222223,kids,
605,72609057,64.75549768518519,kids,
606,72609057,64.75935185185185,kids,
607,72609057,64.7632175925926,drama,
608,72609057,64.76478009259259,others,
609,72609057,64.77837962962963,others,
610,72609057,64.78878472222222,kids,
611,72609057,64.79149305555555,kids,
612,72609057,64.795,kids,
613,72609057,64.79837962962964,kids,
614,72609057,64.80195601851852,kids,
615,72609057,64.80483796296296,kids,
616,72609057,64.80842592592593,drama,
617,72609057,64.81152777777778,kids,
618,72609057,69.44445601851852,movie,
619,72609057,69.44643518518518,others,
620,72609057,69.44971064814816,others,
621,72609057,69.51430555555555,movie,
622,72609057,69.80421296296296,movie,
623,72609057,70.58289351851852,drama,
624,72609057,70.61199074074074,drama,
625,72609057,70.64136574074074,drama,
626,72609057,70.65918981481481,drama,
627,72609057,70.67121527777778,drama,
628,72609057,70.6859837962963,drama,
629,72609057,70.77293981481482,others,
630,72609057,70.77652777777777,others,
631,72609057,71.3362962962963,drama,
632,72609057,71.36275462962963,drama,
633,72609057,71.39107638888889,drama,
634,72609057,71.41563657407407,drama,
635,72609057,71.43105324074074,drama,
636,72609057,71.45472222222222,drama,
637,72609057,71.47564814814815,drama,
638,72609057,71.49439814814815,drama,
639,72609057,71.52179398148148,drama,
640,72609057,72.67905092592592,others,
641,72609057,74.49233796296296,news,
642,72609057,74.93325231481481,kids,
643,72609057,74.9367824074074,kids,
644,72609057,74.94028935185185,drama,
645,72609057,74.99273148148148,drama,
646,72609057,75.02337962962963,drama,
647,72609057,75.05288194444445,drama,
648,72609057,75.08300925925926,drama,
649,72609057,75.36179398148148,drama,
650,72609057,75.39219907407407,drama,
651,72609057,75.45449074074074,drama,
652,72609057,75.47410879629629,drama,
653,72609057,75.50452546296296,drama,
654,72609057,75.55060185185185,drama,
655,72609057,75.57947916666667,drama,
656,72609057,75.99758101851852,drama,
657,72609057,76.02888888888889,drama,
658,72609057,76.46356481481482,drama,
659,72609057,76.49501157407407,drama,
660,72609057,76.54745370370371,drama,
661,72609057,76.57891203703704,drama,
662,72609057,76.63636574074074,drama,
663,72609057,76.64121527777777,drama,
664,72609057,76.69119212962963,drama,
665,72609057,76.77160879629629,drama,
666,72609057,76.78226851851852,entertainment,
667,72609057,76.79219907407408,entertainment,
668,72609057,76.79467592592593,entertainment,
669,72609057,76.79774305555556,entertainment,
670,72609057,76.80050925925926,entertainment,
671,72609057,76.80349537037037,entertainment,
672,72609057,76.80542824074074,entertainment,
673,72609057,76.80704861111111,entertainment,
674,72609057,76.80929398148149,entertainment,
675,72609057,76.81502314814814,entertainment,
676,72609057,76.81952546296296,entertainment,
677,72609057,76.82368055555555,entertainment,
678,72609057,76.82752314814815,others,
679,72609057,76.86273148148148,others,
680,72609057,76.90239583333333,entertainment,
681,72609057,76.90400462962963,entertainment,
682,72609057,76.90711805555556,others,
683,72609057,76.93168981481482,others,
684,72609057,76.94664351851851,others,
685,72609057,77.57211805555555,daily life,
686,72609057,77.63200231481481,others,
687,72609057,77.70083333333334,others,
688,72609057,81.80402777777778,drama,
689,72609057,82.73556712962963,movie,
690,72609057,82.80034722222223,movie,
691,72609057,82.87716435185185,movie,
692,72609057,82.93799768518518,drama,
693,72609057,82.96829861111111,drama,
694,72609057,82.99619212962963,drama,
695,72609057,83.69746527777778,drama,
696,72609057,83.72662037037037,drama,
697,72609057,83.75556712962963,drama,
698,72609057,83.78408564814815,drama,
699,72609057,83.81313657407408,drama,
700,72609057,83.84261574074074,drama,
701,72609057,83.87211805555556,drama,
702,72609057,83.90350694444444,drama,
703,72609057,83.93293981481482,drama,
704,72609057,83.96260416666667,drama,
705,72609057,84.405625,others,
706,72609057,84.53172453703704,kids,
707,72609057,84.53396990740741,kids,
708,72609057,84.53723379629629,kids,
709,72609057,84.54119212962964,kids,
710,72609057,84.54400462962963,kids,
711,72609057,84.54710648148148,kids,
712,72609057,84.5503125,kids,
713,72609057,84.55510416666667,kids,
714,72609057,84.55809027777778,drama,
715,72609057,84.55997685185186,others,
716,72609057,84.6728125,others,
717,72609057,84.80766203703703,drama,
718,72609057,84.83788194444445,drama,
719,72609057,84.86803240740741,drama,
720,72609057,84.89623842592593,drama,
721,72609057,84.92560185185185,drama,
722,72609057,87.00443287037037,drama,
723,72609057,87.03386574074074,drama,
724,72609057,87.06370370370371,drama,
725,72609057,87.31443287037037,drama,
726,72609057,87.34392361111111,drama,
727,72609057,87.37325231481482,drama,
728,72609057,87.40305555555555,drama,
729,72609057,87.44895833333334,drama,
730,72609057,87.4794212962963,movie,
731,72609057,87.95126157407407,drama,
732,72609057,88.95302083333333,drama,
733,72609057,88.98203703703703,drama,
734,72609057,89.4340625,movie,
735,72609057,90.81931712962962,kids,
736,72609057,90.82258101851852,drama,
737,72609057,90.82554398148149,kids,
738,72609057,90.82888888888888,kids,
739,72609057,90.83193287037037,kids,
740,72609057,90.83569444444444,kids,
741,72609057,90.83949074074074,kids,
742,72609057,90.8419675925926,kids,
743,72609057,90.84444444444445,kids,
744,72609057,90.84744212962963,drama,
745,72609057,90.85086805555555,kids,
746,72609057,90.8534837962963,drama,
747,72609057,90.85637731481482,others,
748,72609057,90.85791666666667,kids,
749,72609057,90.86079861111111,kids,
750,72609057,90.86390046296296,kids,
751,72609057,90.86658564814815,kids,
752,72609057,90.86901620370371,kids,
753,72609057,90.8698263888889,kids,
754,72609057,90.87128472222223,kids,
755,72609057,91.99627314814815,drama,
756,72609057,92.02803240740741,drama,
757,72609057,92.48354166666667,daily life,
758,72609057,92.48633101851851,movie,
759,72609057,92.65652777777778,others,
760,72609057,92.94530092592592,drama,
761,72609057,92.9755787037037,drama,
762,72609057,93.98197916666666,drama,
763,72609057,94.39471064814815,others,
764,72609057,94.41344907407408,others,
765,72609057,95.66604166666667,drama,
766,72609057,95.67078703703703,entertainment,
767,72609057,96.84939814814815,others,
768,72609057,96.90880787037037,movie,
769,72609057,96.95146990740741,drama,
770,72609057,97.57189814814815,drama,
771,72609057,97.68053240740741,drama,
772,72609057,97.70530092592593,drama,
773,72609057,97.74549768518519,drama,
774,72609057,97.78207175925925,drama,
775,72609057,97.81142361111111,drama,
776,72609057,97.83899305555556,drama,
777,72609057,97.86743055555556,drama,
778,72609057,97.89479166666666,drama,
779,72609057,97.92305555555555,drama,
780,72609057,97.95118055555555,drama,
781,72609057,97.97916666666667,drama,
782,72609057,98.00731481481482,drama,
783,72609057,98.03483796296297,drama,
784,72609057,98.06322916666667,drama,
785,72609057,98.09159722222222,drama,
786,72609057,98.45984953703703,drama,
787,72609057,98.51611111111112,drama,
788,72609057,98.54377314814815,drama,
789,72609057,98.57211805555555,drama,
790,72609057,98.60048611111111,drama,
791,72609057,98.62931712962963,drama,
792,72609057,98.68151620370371,drama,
793,72609057,98.73177083333333,drama,
794,72609057,98.75971064814814,drama,
795,72609057,98.78821759259259,drama,
796,72609057,98.8227199074074,drama,
797,72609057,98.85692129629629,drama,
798,72609057,98.88564814814815,drama,
799,72609057,98.9145949074074,drama,
800,72609057,98.94364583333333,drama,
801,72609057,98.97217592592592,drama,
802,72609057,101.42277777777778,others,
803,72609057,101.46753472222223,others,
804,72609057,101.48878472222222,others,
805,72609057,101.5204050925926,documentary,
806,72609057,101.53226851851852,drama,
807,72609057,101.53460648148148,drama,
808,72609057,101.53908564814814,drama,
809,72609057,103.6538425925926,others,
810,72609057,103.70982638888889,drama,
811,72609057,103.71266203703703,drama,
812,72609057,103.74077546296296,drama,
813,72609057,103.76657407407407,drama,
814,72609057,104.49842592592593,entertainment,
815,72609057,104.49924768518518,entertainment,
816,72609057,104.50261574074074,others,
817,72609057,104.51969907407407,drama,
818,72609057,104.53969907407408,kids,
819,72609057,104.54791666666667,drama,
820,72609057,104.56791666666666,drama,
821,72609057,104.57074074074075,others,
822,72609057,104.58180555555556,entertainment,
823,72609057,104.58416666666666,entertainment,
824,72609057,104.58674768518519,entertainment,
825,72609057,104.59135416666666,others,
826,72609057,104.59253472222223,entertainment,
827,72609057,104.59555555555555,entertainment,
828,72609057,104.59934027777778,entertainment,
829,72609057,104.60907407407407,entertainment,
830,72609057,104.61141203703704,entertainment,
831,72609057,104.6131712962963,entertainment,
832,72609057,104.61489583333334,entertainment,
833,72609057,104.62207175925926,entertainment,
834,72609057,104.62592592592593,entertainment,
835,72609057,104.6312037037037,entertainment,
836,72609057,104.63743055555555,entertainment,
837,72609057,104.64118055555555,entertainment,
838,72609057,104.64708333333333,entertainment,
839,72609057,104.65122685185185,entertainment,
840,72609057,104.6603125,entertainment,
841,72609057,104.66172453703703,entertainment,
842,72609057,104.6640625,entertainment,
843,72609057,104.665,entertainment,
844,72609057,104.66748842592592,entertainment,
845,72609057,104.66900462962963,entertainment,
846,72609057,104.67125,entertainment,
847,72609057,104.91400462962963,others,
848,72609057,105.3965162037037,others,
849,72609057,105.45181712962963,movie,
850,72609057,105.45305555555555,movie,
851,72609057,105.54089120370371,drama,
852,72609057,105.56601851851852,drama,
853,72609057,105.67746527777778,entertainment,
854,72609057,105.67966435185186,entertainment,
855,72609057,105.68703703703704,entertainment,
856,72609057,105.69074074074074,entertainment,
857,72609057,105.69268518518518,entertainment,
858,72609057,105.69376157407407,entertainment,
859,72609057,105.69589120370371,others,
860,72609057,105.77633101851852,others,
861,72609057,105.78074074074074,others,
862,72609057,105.80306712962962,others,
863,72609057,106.3215625,drama,
864,72609057,106.80324074074075,others,
865,72609057,106.84166666666667,others,
866,72609057,107.81247685185186,kids,
867,72609057,107.82501157407407,drama,
868,72609057,107.89346064814815,drama,
869,72609057,108.81162037037036,news,
870,72609057,108.8147337962963,news,
871,72609057,109.85623842592592,drama,
872,72609057,110.62474537037038,drama,
873,72609057,110.63987268518518,kids,
874,72609057,110.66340277777778,kids,
875,72609057,110.68568287037037,kids,
876,72609057,110.69949074074074,kids,
877,72609057,110.72162037037037,kids,
878,72609057,110.75236111111111,kids,
879,72609057,110.80094907407407,drama,
880,72609057,110.83016203703704,drama,
881,72609057,110.85178240740741,drama,
882,72609057,110.87565972222222,drama,
883,72609057,110.90096064814814,drama,
884,72609057,110.9285300925926,drama,
885,72609057,110.9587962962963,music,
886,72609057,111.78982638888888,kids,
887,72609057,111.79127314814815,kids,
888,72609057,111.80550925925925,kids,
889,72609057,111.82003472222222,kids,
890,72609057,111.83427083333333,kids,
891,72609057,111.85043981481482,entertainment,
892,72609057,111.85327546296297,entertainment,
893,72609057,111.85931712962963,entertainment,
894,72609057,111.86173611111111,entertainment,
895,72609057,111.8637037037037,entertainment,
896,72609057,112.76523148148148,kids,
897,72609057,112.7796875,kids,
898,72609057,112.79491898148149,kids,
899,72609057,112.80893518518519,kids,
900,72609057,112.82637731481482,others,
901,72609057,112.88456018518518,movie,
902,72609057,112.92456018518519,drama,
903,72609057,112.95420138888889,drama,
904,72609057,113.29171296296296,drama,
905,72609057,113.32113425925925,drama,
906,72609057,113.35069444444444,drama,
907,72609057,113.38086805555555,drama,
908,72609057,113.41111111111111,drama,
909,72609057,114.71121527777778,drama,
910,72609057,114.71270833333334,drama,
911,72609057,114.71530092592593,drama,
912,72609057,114.73372685185186,drama,
913,72609057,114.77010416666667,entertainment,
914,72609057,114.77152777777778,entertainment,
915,72609057,114.7720949074074,entertainment,
916,72609057,114.78179398148148,movie,
917,72609057,114.78543981481481,others,
918,72609057,114.7978587962963,others,
919,72609057,114.80171296296297,drama,
920,72609057,114.80399305555555,kids,
921,72609057,114.8079861111111,kids,
922,72609057,114.81056712962963,kids,
923,72609057,116.54179398148148,drama,
924,72609057,116.57085648148148,drama,
925,72609057,118.00637731481481,others,
926,72609057,118.24895833333333,entertainment,
927,72609057,118.2502662037037,entertainment,
928,72609057,118.2516087962963,entertainment,
929,72609057,118.25311342592593,entertainment,
930,72609057,118.25503472222222,entertainment,
931,72609057,118.26047453703704,drama,
932,72609057,118.28356481481481,drama,
933,72609057,118.30420138888888,drama,
934,72609057,118.33140046296296,drama,
935,72609057,118.49743055555555,drama,
936,72609057,118.52728009259259,drama,
937,72609057,118.56010416666666,drama,
938,72609057,118.79140046296297,daily life,
939,72609057,118.79263888888889,others,
940,72609057,118.79335648148148,others,
941,72609057,118.79550925925926,others,
942,72609057,118.79625,others,
943,72609057,118.79738425925926,others,
944,72609057,118.79832175925925,others,
945,72609057,118.79947916666667,others,
946,72609057,118.80121527777777,others,
947,72609057,118.80241898148148,others,
948,72609057,118.80298611111111,others,
949,72609057,118.80357638888889,others,
950,72609057,118.80439814814815,others,
951,72609057,118.80532407407408,others,
952,72609057,118.80655092592593,others,
953,72609057,118.80802083333333,others,
954,72609057,118.80921296296296,others,
955,72609057,118.80984953703704,others,
956,72609057,118.81074074074074,others,
957,72609057,118.81174768518518,others,
958,72609057,118.81354166666667,others,
959,72609057,118.81496527777777,others,
960,72609057,118.81855324074074,others,
961,72609057,118.8191550925926,others,
962,72609057,118.82065972222222,others,
963,72609057,118.83141203703704,movie,
964,72609057,118.8394212962963,movie,
965,72609057,118.86685185185185,others,
966,72609057,119.36625,drama,
967,72609057,119.39747685185185,drama,
968,72609057,119.71671296296296,kids,
969,72609057,119.7315625,kids,
970,72609057,119.74623842592592,kids,
971,72609057,119.76952546296296,drama,
972,72609057,119.7757175925926,drama,
973,72609057,119.79379629629629,drama,
974,72609057,119.81038194444444,drama,
975,72609057,119.83653935185185,entertainment,
976,72609057,119.83895833333334,entertainment,
977,72609057,119.96976851851852,drama,
978,72609057,121.70038194444444,kids,
979,72609057,121.82605324074073,others,
980,72609057,121.83,kids,
981,72609057,121.84334490740741,kids,
982,72609057,121.8525462962963,kids,
983,72609057,121.86446759259259,kids,
984,72609057,121.8790162037037,kids,
985,72609057,121.89318287037037,kids,
986,72609057,122.866875,drama,
987,72609057,123.88399305555555,movie,
988,72609057,125.8903125,drama,
989,72609057,126.78100694444444,kids,
990,72609057,126.78311342592593,kids,
991,72609057,126.79893518518519,kids,
992,72609057,126.81346064814815,kids,
993,72609057,126.81953703703704,drama,
994,72609057,126.83653935185185,kids,
995,72609057,126.84200231481482,entertainment,
996,72609057,126.85765046296297,movie,
997,72609057,128.8477662037037,entertainment,
998,72609057,128.85077546296296,drama,
999,72609057,128.85341435185185,drama,
1000,72609057,128.85635416666668,movie,
1001,72609057,129.99890046296295,entertainment,
1002,72609057,130.51767361111112,drama,
1003,72609057,130.53416666666666,drama,
1004,72609057,130.5642824074074,drama,
1005,72609057,131.7842476851852,drama,
1006,72609057,131.8540625,kids,
1007,72609057,131.87032407407406,kids,
1008,72609057,131.8912962962963,others,
1009,72609057,131.90600694444444,others,
1010,72609057,132.79413194444444,movie,
1011,72609057,132.82945601851853,kids,
1012,72609057,132.8437847222222,kids,
1013,72609057,132.85886574074075,kids,
1014,72609057,133.74048611111112,drama,
1015,72609057,133.76409722222223,others,
1016,72609057,133.78712962962962,others,
1017,72609057,133.88483796296296,drama,
1018,72609057,138.7353009259259,movie,
1019,72609057,139.5035648148148,others,
1020,72609057,139.51177083333334,others,
1021,72609057,139.5471875,entertainment,
1022,72609057,139.54857638888888,entertainment,
1023,72609057,139.5491087962963,entertainment,
1024,72609057,139.55131944444443,entertainment,
1025,72609057,139.5520486111111,entertainment,
1026,72609057,139.55277777777778,entertainment,
1027,72609057,139.55335648148147,entertainment,
1028,72609057,139.5539351851852,entertainment,
1029,72609057,139.5552199074074,entertainment,
1030,72609057,139.55636574074074,entertainment,
1031,72609057,139.55875,entertainment,
1032,72609057,139.5592824074074,entertainment,
1033,72609057,139.56047453703704,entertainment,
1034,72609057,139.56225694444444,entertainment,
1035,72609057,139.56295138888888,entertainment,
1036,72609057,139.56386574074074,entertainment,
1037,72609057,139.56554398148148,entertainment,
1038,72609057,139.56625,entertainment,
1039,72609057,139.56685185185185,entertainment,
1040,72609057,140.44769675925926,kids,
1041,72609057,140.4681712962963,kids,
1042,72609057,140.48222222222222,kids,
1043,72609057,140.50015046296295,kids,
1044,72609057,140.5141550925926,kids,
1045,72609057,140.53841435185186,news,
1046,72609057,140.72891203703705,others,
1047,72609057,140.7304861111111,others,
1048,72609057,140.73458333333335,others,
1049,72609057,140.78123842592592,entertainment,
1050,72609057,140.78258101851853,entertainment,
1051,72609057,140.78467592592594,others,
1052,72609057,140.82986111111111,others,
1053,72609057,143.52461805555555,drama,
1054,72609057,143.5424074074074,drama,
1055,72609057,145.67591435185184,documentary,
1056,72609057,145.7078587962963,movie,
1057,72609057,145.7913773148148,movie,
1058,72609057,145.8024074074074,law,
1059,72609057,145.82623842592594,law,
1060,72609057,145.8290509259259,daily life,
1061,72609057,145.86241898148148,kids,
1062,72609057,145.86422453703705,kids,
1063,72609057,145.86606481481482,kids,
1064,72609057,145.8671412037037,kids,
1065,72609057,146.75002314814816,entertainment,
1066,72609057,146.75609953703704,others,
1067,72609057,147.72653935185184,movie,
1068,72609057,147.80759259259258,movie,
1069,72609057,152.63612268518517,others,
1070,72609057,152.73368055555557,movie,
1071,72609057,152.75613425925926,music,
1072,72609057,152.7571064814815,music,
1073,72609057,152.75760416666665,music,
1074,72609057,152.75903935185184,music,
1075,72609057,152.7616550925926,kids,
1076,72609057,152.76313657407408,kids,
1077,72609057,152.76368055555557,kids,
1078,72609057,152.7653009259259,kids,
1079,72609057,152.7657986111111,kids,
1080,72609057,152.76679398148147,kids,
1081,72609057,152.7679861111111,kids,
1082,72609057,152.76858796296295,kids,
1083,72609057,152.76997685185185,kids,
1084,72609057,152.77083333333334,kids,
1085,72609057,152.77172453703704,kids,
1086,72609057,152.7723726851852,kids,
1087,72609057,152.77469907407408,kids,
1088,72609057,152.77570601851852,kids,
1089,72609057,152.77716435185187,entertainment,
1090,72609057,152.77884259259258,kids,
1091,72609057,152.78322916666667,entertainment,
1092,72609057,152.79248842592594,drama,
1093,72609057,152.80811342592594,drama,
1094,72609057,153.3638310185185,drama,
1095,72609057,153.3920949074074,drama,
1096,72609057,153.8938425925926,drama,
1097,72609057,153.9243287037037,drama,
1098,72609057,153.9547685185185,drama,
1099,72609057,154.65740740740742,entertainment,
1100,72609057,154.65894675925927,entertainment,
1101,72609057,154.6598148148148,entertainment,
1102,72609057,154.66072916666667,entertainment,
1103,72609057,154.66237268518518,entertainment,
1104,72609057,154.6634837962963,entertainment,
1105,72609057,154.66462962962962,entertainment,
1106,72609057,154.6655324074074,entertainment,
1107,72609057,154.66644675925926,entertainment,
1108,72609057,154.66700231481482,entertainment,
1109,72609057,154.66752314814815,entertainment,
1110,72609057,154.6688888888889,entertainment,
1111,72609057,154.66996527777778,entertainment,
1112,72609057,154.67078703703703,entertainment,
1113,72609057,154.6725462962963,entertainment,
1114,72609057,154.67337962962964,entertainment,
1115,72609057,154.67428240740742,entertainment,
1116,72609057,154.67506944444443,entertainment,
1117,72609057,154.67605324074074,entertainment,
1118,72609057,154.67662037037036,entertainment,
1119,72609057,154.67760416666667,entertainment,
1120,72609057,154.67943287037036,entertainment,
1121,72609057,154.68041666666667,entertainment,
1122,72609057,154.68103009259258,entertainment,
1123,72609057,154.68153935185185,entertainment,
1124,72609057,154.6831712962963,entertainment,
1125,72609057,154.68422453703704,entertainment,
1126,72609057,154.68501157407408,entertainment,
1127,72609057,154.6860763888889,entertainment,
1128,72609057,154.68658564814814,entertainment,
1129,72609057,154.68743055555555,entertainment,
1130,72609057,154.6883449074074,entertainment,
1131,72609057,154.68890046296298,entertainment,
1132,72609057,154.6894212962963,entertainment,
1133,72609057,154.69157407407408,entertainment,
1134,72609057,154.69346064814815,entertainment,
1135,72609057,154.69418981481482,entertainment,
1136,72609057,154.6958912037037,entertainment,
1137,72609057,154.69796296296298,entertainment,
1138,72609057,154.69885416666668,entertainment,
1139,72609057,154.70197916666666,entertainment,
1140,72609057,154.7116898148148,entertainment,
1141,72609057,154.72693287037038,entertainment,
1142,72609057,154.73908564814815,entertainment,
1143,72609057,154.75302083333332,entertainment,
1144,72609057,154.75365740740742,entertainment,
1145,72609057,154.7620138888889,entertainment,
1146,72609057,154.77729166666666,entertainment,
1147,72609057,154.7886574074074,entertainment,
1148,72609057,154.79743055555556,entertainment,
1149,72609057,154.80788194444443,entertainment,
1150,72609057,154.81974537037038,entertainment,
1151,72609057,154.82592592592593,entertainment,
1152,72609057,154.8367939814815,drama,
1153,72609057,154.85232638888888,drama,
1154,72609057,154.86913194444443,entertainment,
1155,72609057,156.73498842592593,entertainment,
1156,72609057,156.7650462962963,movie,
1157,72609057,156.76731481481482,entertainment,
1158,72609057,156.7732986111111,kids,
1159,72609057,156.77613425925927,others,
1160,72609057,156.7798611111111,drama,
1161,72609057,157.69371527777778,kids,
1162,72609057,157.6969212962963,kids,
1163,72609057,157.69944444444445,kids,
1164,72609057,157.7031712962963,kids,
1165,72609057,161.70935185185186,others,
1166,72609057,161.74253472222222,others,
1167,72609057,161.80467592592592,drama,
1168,72609057,161.80681712962962,sports,
1169,72609057,161.80969907407408,others,
1170,72609057,161.8666087962963,kids,
1171,72609057,161.86920138888888,kids,
1172,72609057,161.8740625,kids,
1173,72609057,162.87788194444445,drama,
1174,72609057,162.9099652777778,drama,
1175,72609057,162.97221064814815,drama,
1176,72609057,163.89994212962964,drama,
1177,72609057,163.92856481481482,drama,
1178,72609057,163.95938657407407,drama,
1179,72609057,164.84042824074075,drama,
1180,72609057,164.86815972222223,drama,
1181,72609057,164.8989351851852,drama,
1182,72609057,165.32246527777778,movie,
1183,72609057,165.7420486111111,drama,
1184,72609057,165.77277777777778,drama,
1185,72609057,165.8034375,drama,
1186,72609057,165.8334375,drama,
1187,72609057,166.67707175925926,drama,
1188,72609057,166.7075462962963,drama,
1189,72609057,166.73819444444445,drama,
1190,72609057,166.76880787037038,drama,
1191,72609057,166.7998726851852,drama,
1192,72609057,166.83091435185185,drama,
1193,72609057,166.86212962962964,drama,
1194,72609057,167.4943287037037,economy,
1195,72609057,167.53732638888889,movie,
1196,72609057,167.56502314814816,entertainment,
1197,72609057,167.73958333333334,entertainment,
1198,72609057,167.7418634259259,entertainment,
1199,72609057,167.74667824074075,entertainment,
1200,72609057,167.74862268518518,entertainment,
1201,72609057,167.75030092592593,entertainment,
1202,72609057,167.7525462962963,entertainment,
1203,72609057,167.7561689814815,entertainment,
1204,72609057,167.76145833333334,movie,
1205,72609057,167.81769675925926,others,
1206,72609057,167.87766203703703,others,
1207,72609057,168.48756944444443,drama,
1208,72609057,168.51899305555557,drama,
1209,72609057,168.54832175925927,drama,
1210,72609057,168.5778009259259,drama,
1211,72609057,168.7084722222222,sports,
1212,72609057,168.71394675925927,others,
1213,72609057,168.72197916666667,drama,
1214,72609057,168.75105324074073,drama,
1215,72609057,168.7802662037037,drama,
1216,72609057,168.80939814814815,drama,
1217,72609057,168.83810185185186,drama,
1218,72609057,168.86712962962963,drama,
1219,72609057,168.89628472222222,drama,
1220,72609057,168.92321759259258,drama,
1221,72609057,168.9495486111111,drama,
1222,72609057,169.45844907407408,drama,
1223,72609057,169.48744212962964,drama,
1224,72609057,169.51650462962962,drama,
1225,72609057,169.87185185185186,movie,
1226,72609057,169.94649305555555,movie,
1227,72609057,170.49025462962962,others,
1228,72609057,170.75344907407407,others,
1229,72609057,170.77114583333332,kids,
1230,72609057,170.77416666666667,others,
1231,72609057,170.78265046296298,others,
1232,72609057,170.82549768518518,entertainment,
1233,72609057,170.8272685185185,entertainment,
1234,72609057,170.82967592592593,entertainment,
1235,72609057,170.83373842592593,entertainment,
1236,72609057,170.8365162037037,entertainment,
1237,72609057,170.83835648148147,entertainment,
1238,72609057,170.8395023148148,entertainment,
1239,72609057,170.8466087962963,entertainment,
1240,72609057,170.85469907407406,entertainment,
1241,72609057,170.85523148148147,entertainment,
1242,72609057,170.86424768518518,entertainment,
1243,72609057,170.86600694444445,entertainment,
1244,72609057,170.8667939814815,entertainment,
1245,72609057,170.8742939814815,entertainment,
1246,72609057,170.875,entertainment,
1247,72609057,170.8775925925926,entertainment,
1248,72609057,170.87972222222223,entertainment,
1249,72609057,170.88211805555557,entertainment,
1250,72609057,170.88488425925925,entertainment,
1251,72609057,170.8884375,entertainment,
1252,72609057,170.89210648148148,entertainment,
1253,72609057,170.8945949074074,entertainment,
1254,72609057,170.8951851851852,entertainment,
1255,72609057,171.50822916666667,drama,
1256,72609057,171.53732638888889,drama,
1257,72609057,171.8780324074074,movie,
1258,72609057,171.948125,others,
1259,72609057,172.35197916666667,drama,
1260,72609057,172.38109953703704,drama,
1261,72609057,172.4102199074074,drama,
1262,72609057,172.43927083333332,drama,
1263,72609057,172.4683449074074,drama,
1264,72609057,172.49832175925926,movie,
1265,72609057,173.85895833333333,others,
1266,72609057,174.39436342592592,others,
1267,72609057,174.42614583333332,others,
1268,72609057,174.56987268518517,drama,
1269,72609057,174.8123611111111,entertainment,
1270,72609057,174.82858796296296,movie,
1271,72609057,174.8713888888889,entertainment,
1272,72609057,174.90936342592593,others,
1273,72609057,174.9113425925926,movie,
1274,72609057,175.51729166666667,drama,
1275,72609057,175.52666666666667,entertainment,
1276,72609057,175.53010416666666,entertainment,
1277,72609057,175.5338425925926,entertainment,
1278,72609057,175.5383449074074,entertainment,
1279,72609057,175.53980324074075,entertainment,
1280,72609057,175.54155092592592,entertainment,
1281,72609057,175.54564814814816,entertainment,
1282,72609057,175.55210648148147,entertainment,
1283,72609057,175.56010416666666,entertainment,
1284,72609057,175.56127314814816,entertainment,
1285,72609057,175.56201388888888,entertainment,
1286,72609057,175.56391203703703,others,
1287,72609057,175.84993055555555,entertainment,
1288,72609057,175.86729166666666,kids,
1289,72609057,175.87068287037036,entertainment,
1290,72609057,175.88861111111112,entertainment,
1291,72609057,177.87993055555555,entertainment,
1292,72609057,177.88372685185186,entertainment,
1293,72609057,177.88751157407407,entertainment,
1294,72609057,177.8920138888889,entertainment,
1295,72609057,177.89347222222221,entertainment,
1296,72609057,177.8952199074074,entertainment,
1297,72609057,177.89931712962962,entertainment,
1298,72609057,177.90581018518517,entertainment,
1299,72609057,177.91141203703702,news,
1300,72609057,178.4092824074074,movie,
1301,72609057,178.60355324074075,entertainment,
1302,72609057,178.60457175925927,entertainment,
1303,72609057,178.6264351851852,entertainment,
1304,72609057,181.5968287037037,drama,
1305,72609057,181.62822916666667,drama,
1306,72609057,181.67546296296297,drama,
1307,72609057,181.75136574074074,drama,
1308,72609057,181.78173611111112,drama,
1309,72609057,181.81185185185186,movie,
1310,72609057,182.76319444444445,others,
1311,72609057,182.76553240740742,others,
1312,72609057,182.77060185185186,kids,
1313,72609057,182.77278935185186,kids,
1314,72609057,182.78162037037038,entertainment,
1315,72609057,182.78262731481482,entertainment,
1316,72609057,182.78717592592594,entertainment,
1317,72609057,182.8008912037037,drama,
1318,72609057,183.8241550925926,entertainment,
1319,72609057,183.82649305555555,entertainment,
1320,72609057,183.83005787037038,entertainment,
1321,72609057,183.8329861111111,entertainment,
1322,72609057,183.83707175925926,entertainment,
1323,72609057,183.83983796296297,entertainment,
1324,72609057,183.84078703703705,entertainment,
1325,72609057,183.84435185185185,entertainment,
1326,72609057,183.8455787037037,entertainment,
1327,72609057,183.9748148148148,others,
1328,72609057,184.50381944444445,others,
1329,72609057,184.55907407407406,others,
1330,72609057,184.6221412037037,others,
1331,72609057,184.62488425925926,drama,
1332,72609057,184.8778935185185,others,
1333,72609057,184.89175925925926,others,
1334,72609057,185.82983796296296,others,
1335,72609057,185.9125925925926,movie,
1336,72609057,185.94909722222224,sports,
1337,72609057,185.9527314814815,others,
1338,72609057,185.96608796296297,others,
1339,72609057,185.97009259259258,others,
1340,72609057,185.9769560185185,others,
1341,72609057,187.4730324074074,others,
1342,72609057,187.5020023148148,others,
1343,72609057,187.53398148148148,others,
1344,72609057,187.56458333333333,others,
1345,72609057,187.679375,movie,
1346,72609057,187.68796296296296,movie,
1347,72609057,187.69012731481482,movie,
1348,72609057,187.96873842592592,movie,
1349,72609057,187.9723611111111,others,
1350,72609057,187.99423611111112,movie,
1351,72609057,188.0035763888889,movie,
1352,72609057,188.85534722222224,others,
1353,72609057,188.91997685185186,others,
1354,72609057,189.45285879629628,sports,
1355,72609057,189.46189814814815,entertainment,
1356,72609057,189.46694444444444,drama,
1357,72609057,190.5662962962963,drama,
1358,72609057,190.82118055555554,kids,
1359,72609057,190.8686574074074,drama,
1360,72609057,191.76805555555555,news,
1361,72609057,192.50766203703705,others,
1362,72609057,192.5522222222222,movie,
1363,72609057,192.5771875,daily life,
1364,72609057,192.6883564814815,documentary,
1365,72609057,192.79724537037038,drama,
1366,72609057,192.82679398148147,drama,
1367,72609057,192.85510416666668,drama,
1368,72609057,192.88417824074074,drama,
1369,72609057,193.54196759259258,entertainment,
1370,72609057,193.54802083333334,drama,
1371,72609057,193.55140046296296,entertainment,
1372,72609057,193.55206018518518,entertainment,
1373,72609057,193.55255787037038,entertainment,
1374,72609057,193.55331018518518,entertainment,
1375,72609057,193.5543287037037,entertainment,
1376,72609057,193.55502314814814,entertainment,
1377,72609057,193.55582175925926,entertainment,
1378,72609057,193.5574074074074,entertainment,
1379,72609057,193.55791666666667,entertainment,
1380,72609057,193.5585300925926,entertainment,
1381,72609057,193.55905092592593,entertainment,
1382,72609057,193.7958449074074,drama,
1383,72609057,193.82538194444444,drama,
1384,72609057,193.85505787037036,drama,
1385,72609057,193.88625,drama,
1386,72609057,194.41780092592592,others,
1387,72609057,194.48674768518518,drama,
1388,72609057,194.51881944444443,drama,
1389,72609057,194.6992013888889,drama,
1390,72609057,194.7286689814815,drama,
1391,72609057,194.75796296296295,drama,
1392,72609057,194.78568287037038,drama,
1393,72609057,195.76997685185185,drama,
1394,72609057,195.79902777777778,drama,
1395,72609057,195.8282986111111,drama,
1396,72609057,196.2724537037037,drama,
1397,72609057,196.3016898148148,drama,
1398,72609057,196.40752314814816,drama,
1399,72609057,196.42586805555555,drama,
1400,72609057,196.45538194444444,drama,
1401,72609057,196.6644560185185,drama,
1402,72609057,196.69893518518518,drama,
1403,72609057,196.71158564814814,drama,
1404,72609057,196.773125,drama,
1405,72609057,196.8016898148148,drama,
1406,72609057,196.82881944444443,drama,
1407,72609057,197.55495370370372,drama,
1408,72609057,197.58703703703705,drama,
1409,72609057,197.68142361111111,others,
1410,72609057,197.68641203703703,others,
1411,72609057,197.81457175925925,others,
1412,72609057,197.82222222222222,drama,
1413,72609057,197.90983796296297,others,
1414,72609057,198.73358796296296,entertainment,
1415,72609057,198.7545601851852,others,
1416,72609057,198.8761111111111,others,
1417,72609057,198.9321412037037,daily life,
1418,72609057,198.93645833333332,entertainment,
1419,72609057,198.94043981481482,entertainment,
1420,72609057,199.4696064814815,kids,
1421,72609057,199.47291666666666,kids,
1422,72609057,199.47541666666666,kids,
1423,72609057,199.49509259259258,drama,
1424,72609057,199.76046296296298,drama,
1425,72609057,199.8309375,others,
1426,72609057,200.3846412037037,drama,
1427,72609057,200.41543981481482,drama,
1428,72609057,200.4461689814815,drama,
1429,72609057,200.47746527777778,drama,
1430,72609057,200.48072916666666,drama,
1431,72609057,200.51077546296295,drama,
1432,72609057,200.53969907407406,drama,
1433,72609057,200.57046296296295,drama,
1434,72609057,200.68211805555555,entertainment,
1435,72609057,200.88011574074073,others,
1436,72609057,200.9501736111111,others,
1437,72609057,201.62899305555555,drama,
1438,72609057,201.65958333333333,drama,
1439,72609057,201.6887152777778,drama,
1440,72609057,201.85503472222223,others,
1441,72609057,201.9084375,others,
1442,72609057,201.9728587962963,others,
1443,72609057,201.97524305555555,others,
1444,72609057,202.54667824074073,drama,
1445,72609057,202.5772337962963,drama,
1446,72609057,202.60930555555555,drama,
1447,72609057,202.6387962962963,drama,
1448,72609057,202.67445601851853,drama,
1449,72609057,202.7404398148148,drama,
1450,72609057,202.7716898148148,drama,
1451,72609057,202.80277777777778,drama,
1452,72609057,202.83452546296297,drama,
1453,72609057,202.84569444444443,kids,
1454,72609057,204.8028125,others,
1455,72609057,204.90756944444445,others,
1456,72609057,204.91394675925926,others,
1457,72609057,205.51552083333334,others,
1458,72609057,205.66666666666666,others,
1459,72609057,205.72899305555555,drama,
1460,72609057,205.7584837962963,drama,
1461,72609057,205.7878472222222,drama,
1462,72609057,206.28954861111112,others,
1463,72609057,206.5073148148148,movie,
1464,72609057,206.67104166666667,others,
1465,72609057,206.67481481481482,others,
1466,72609057,206.68122685185185,others,
1467,72609057,206.7077662037037,drama,
1468,72609057,206.73859953703703,drama,
1469,72609057,206.768125,drama,
1470,72609057,207.77902777777777,drama,
1471,72609057,207.80815972222223,drama,
1472,72609057,207.8373726851852,drama,
1473,72609057,207.86667824074075,drama,
1474,72609057,208.74658564814814,drama,
1475,72609057,208.77622685185185,drama,
1476,72609057,208.80532407407406,drama,
1477,72609057,208.83459490740742,drama,
1478,72609057,208.8454976851852,others,
1479,72609057,209.86275462962962,kids,
1480,72609057,209.91960648148148,others,
1481,72609057,209.93246527777777,entertainment,
1482,72609057,209.97912037037037,entertainment,
1483,72609057,210.35930555555555,drama,
1484,72609057,210.36556712962962,drama,
1485,72609057,210.39476851851853,drama,
1486,72609057,210.42402777777778,drama,
1487,72609057,210.45346064814814,drama,
1488,72609057,210.48480324074075,drama,
1489,72609057,210.51587962962964,drama,
1490,72609057,210.54710648148148,drama,
1491,72609057,210.5770949074074,drama,
1492,72609057,210.60828703703703,drama,
1493,72609057,210.63746527777778,drama,
1494,72609057,210.66730324074075,drama,
1495,72609057,210.69666666666666,drama,
1496,72609057,210.71704861111112,entertainment,
1497,72609057,210.77967592592591,entertainment,
1498,72609057,210.8437152777778,entertainment,
1499,72609057,210.8488773148148,kids,
1500,72609057,210.86311342592592,kids,
1501,72609057,211.73517361111112,others,
1502,72609057,211.90251157407408,sports,
1503,72609057,211.96690972222223,movie,
1504,72609057,211.9861226851852,sports,
1505,72609057,211.98878472222222,sports,
1506,72609057,211.9907986111111,drama,
1507,72609057,212.00685185185185,others,
1508,72609057,212.83640046296296,entertainment,
1509,72609057,212.84627314814816,entertainment,
1510,72609057,212.8483564814815,daily life,
1511,72609057,212.8541550925926,entertainment,
1512,72609057,212.85539351851853,entertainment,
1513,72609057,212.85791666666665,entertainment,
1514,72609057,212.86104166666667,entertainment,
1515,72609057,212.8638425925926,entertainment,
1516,72609057,212.866875,entertainment,
1517,72609057,212.86885416666667,entertainment,
1518,72609057,212.87612268518518,others,
1519,72609057,212.94707175925927,others,
1520,72609057,213.45962962962963,drama,
1521,72609057,213.4891087962963,drama,
1522,72609057,213.51694444444445,drama,
1523,72609057,213.54636574074075,drama,
1524,72609057,214.50539351851853,drama,
1525,72609057,214.97450231481483,entertainment,
1526,72609057,214.98194444444445,others,
1527,72609057,214.99677083333333,entertainment,
1528,72609057,215.44131944444445,drama,
1529,72609057,216.50550925925927,drama,
1530,72609057,216.5374189814815,drama,
1531,72609057,216.5682175925926,drama,
1532,72609057,216.59908564814816,drama,
1533,72609057,216.62976851851852,drama,
1534,72609057,216.6617361111111,drama,
1535,72609057,216.69068287037038,drama,
1536,72609057,216.9794560185185,news,
1537,72609057,217.47780092592592,entertainment,
1538,72609057,217.4845949074074,entertainment,
1539,72609057,217.48520833333333,entertainment,
1540,72609057,217.48778935185186,entertainment,
1541,72609057,217.51957175925926,drama,
1542,72609057,217.52081018518518,drama,
1543,72609057,217.52171296296297,drama,
1544,72609057,217.52344907407408,drama,
1545,72609057,217.55019675925925,drama,
1546,72609057,217.5742824074074,drama,
1547,72609057,217.59615740740742,drama,
1548,72609057,217.62136574074074,drama,
1549,72609057,217.64670138888889,drama,
1550,72609057,217.84890046296297,drama,
1551,72609057,217.87402777777777,drama,
1552,72609057,217.89699074074073,drama,
1553,72609057,217.91729166666667,drama,
1554,72609057,217.93627314814816,drama,
1555,72609057,218.6894560185185,drama,
1556,72609057,218.7107523148148,drama,
1557,72609057,218.7374537037037,drama,
1558,72609057,219.56579861111112,others,
1559,72609057,223.4465972222222,drama,
1560,72609057,223.45077546296295,drama,
1561,72609057,223.4907175925926,sports,
1562,72609057,223.52210648148147,sports,
1563,72609057,223.55142361111112,sports,
1564,72609057,223.57931712962963,sports,
1565,72609057,223.60457175925927,sports,
1566,72609057,223.63042824074074,sports,
1567,72609057,223.64731481481482,sports,
1568,72609057,224.3230324074074,law,
1569,72609057,224.325,news,
1570,72609057,224.32775462962962,news,
1571,72609057,224.33069444444445,news,
1572,72609057,224.33234953703703,law,
1573,72609057,224.33337962962963,law,
1574,72609057,224.33424768518518,law,
1575,72609057,224.3355787037037,news,
1576,72609057,224.33618055555556,news,
1577,72609057,224.33706018518518,news,
1578,72609057,224.33824074074073,news,
1579,72609057,224.3387962962963,news,
1580,72609057,224.3395138888889,news,
1581,72609057,224.3407986111111,news,
1582,72609057,224.34348379629628,news,
1583,72609057,224.3440740740741,news,
1584,72609057,224.34480324074073,news,
1585,72609057,224.34768518518518,law,
1586,72609057,224.3505324074074,news,
1587,72609057,224.35230324074075,news,
1588,72609057,224.3534837962963,news,
1589,72609057,224.35439814814814,news,
1590,72609057,224.35591435185185,news,
1591,72609057,224.35780092592591,news,
1592,72609057,224.3589699074074,news,
1593,72609057,224.35949074074074,news,
1594,72609057,224.36046296296297,news,
1595,72609057,224.36442129629629,sports,
1596,72609057,224.36603009259258,news,
1597,72609057,224.36822916666668,law,
1598,72609057,224.36881944444445,news,
1599,72609057,224.36935185185186,news,
1600,72609057,224.37033564814814,news,
1601,72609057,224.3717824074074,news,
1602,72609057,224.37266203703703,news,
1603,72609057,224.37334490740741,news,
1604,72609057,224.3767824074074,drama,
1605,72609057,224.4082523148148,drama,
1606,72609057,224.4385648148148,drama,
1607,72609057,224.4678587962963,drama,
1608,72609057,224.49694444444444,drama,
1609,72609057,224.5267939814815,drama,
1610,72609057,225.30600694444445,drama,
1611,72609057,225.32270833333334,drama,
1612,72609057,225.3511689814815,drama,
1613,72609057,225.3792361111111,drama,
1614,72609057,225.40734953703705,drama,
1615,72609057,225.42368055555556,drama,
1616,72609057,225.44996527777778,drama,
1617,72609057,225.4751273148148,drama,
1618,72609057,225.49452546296297,drama,
1619,72609057,225.5225810185185,drama,
1620,72609057,225.7632638888889,sports,
1621,72609057,225.76408564814815,sports,
1622,72609057,225.76527777777778,sports,
1623,72609057,225.76864583333332,sports,
1624,72609057,225.77077546296297,sports,
1625,72609057,225.7730439814815,entertainment,
1626,72609057,225.77819444444444,others,
1627,72609057,225.7846875,entertainment,
1628,72609057,225.7896412037037,entertainment,
1629,72609057,225.79015046296297,entertainment,
1630,72609057,225.7917476851852,entertainment,
1631,72609057,225.79446759259258,entertainment,
1632,72609057,225.79600694444446,entertainment,
1633,72609057,225.80141203703704,entertainment,
1634,72609057,225.8133449074074,sports,
1635,72609057,225.81929398148148,sports,
1636,72609057,225.82068287037038,sports,
1637,72609057,225.82155092592592,sports,
1638,72609057,225.82246527777778,sports,
1639,72609057,225.8242013888889,sports,
1640,72609057,225.8249537037037,sports,
1641,72609057,225.83131944444443,sports,
1642,72609057,225.83592592592592,sports,
1643,72609057,225.8393287037037,sports,
1644,72609057,225.84091435185186,sports,
1645,72609057,225.84144675925927,sports,
1646,72609057,225.84440972222222,sports,
1647,72609057,225.84547453703703,sports,
1648,72609057,225.84657407407408,sports,
1649,72609057,225.84752314814816,sports,
1650,72609057,225.8529976851852,sports,
1651,72609057,225.8545486111111,sports,
1652,72609057,225.85590277777777,sports,
1653,72609057,225.85796296296297,sports,
1654,72609057,225.8586226851852,sports,
1655,72609057,225.86202546296298,others,
1656,72609057,226.7354050925926,kids,
1657,72609057,226.73842592592592,kids,
1658,72609057,226.73988425925927,kids,
1659,72609057,226.74118055555556,kids,
1660,72609057,226.74226851851853,kids,
1661,72609057,226.74386574074074,kids,
1662,72609057,226.74685185185186,kids,
1663,72609057,226.7495949074074,kids,
1664,72609057,226.75347222222223,news,
1665,72609057,226.75643518518518,news,
1666,72609057,226.76023148148147,news,
1667,72609057,226.76225694444443,law,
1668,72609057,226.7651273148148,news,
1669,72609057,226.77024305555557,news,
1670,72609057,226.8362615740741,entertainment,
1671,72609057,226.84170138888888,news,
1672,72609057,226.84385416666666,entertainment,
1673,72609057,226.8450462962963,law,
1674,72609057,226.84777777777776,law,
1675,72609057,226.8490625,entertainment,
1676,72609057,226.85002314814815,news,
1677,72609057,226.85075231481483,news,
1678,72609057,226.85297453703703,news,
1679,72609057,226.85497685185186,news,
1680,72609057,226.85626157407407,news,
1681,72609057,226.85681712962963,news,
1682,72609057,226.85760416666668,news,
1683,72609057,226.8586689814815,news,
1684,72609057,226.8595138888889,news,
1685,72609057,226.8606712962963,news,
1686,72609057,226.8620138888889,news,
1687,72609057,226.8671875,news,
1688,72609057,226.8688310185185,news,
1689,72609057,226.87116898148147,news,
1690,72609057,226.87217592592592,news,
1691,72609057,226.87332175925926,news,
1692,72609057,226.87502314814816,entertainment,
1693,72609057,226.87641203703703,entertainment,
1694,72609057,226.8803587962963,entertainment,
1695,72609057,226.8815277777778,entertainment,
1696,72609057,226.88524305555555,entertainment,
1697,72609057,226.8884837962963,entertainment,
1698,72609057,226.8894212962963,entertainment,
1699,72609057,226.89118055555556,entertainment,
1700,72609057,226.89175925925926,entertainment,
1701,72609057,226.89599537037037,entertainment,
1702,72609057,226.90046296296296,movie,
1703,72609057,227.57076388888888,drama,
1704,72609057,227.76606481481483,movie,
1705,72609057,227.84226851851852,movie,
1706,72609057,227.89591435185184,drama,
1707,72609057,227.95486111111111,movie,
1708,72609057,228.00611111111112,entertainment,
1709,72609057,228.00789351851853,entertainment,
1710,72609057,228.66539351851853,news,
1711,72609057,228.6743287037037,others,
1712,72609057,228.6882175925926,others,
1713,72609057,228.7017013888889,others,
1714,72609057,228.72440972222222,others,
1715,72609057,228.73667824074073,drama,
1716,72609057,228.84716435185186,drama,
1717,72609057,228.92478009259258,others,
1718,72609057,228.93203703703705,others,
1719,72609057,228.96015046296296,others,
1720,72609057,228.97506944444444,others,
1721,72609057,228.98947916666665,others,
1722,72609057,229.00326388888888,others,
1723,72609057,229.0175925925926,others,
1724,72609057,229.31868055555555,daily life,
1725,72609057,229.3200925925926,daily life,
1726,72609057,229.3215277777778,daily life,
1727,72609057,229.32328703703703,daily life,
1728,72609057,229.3250925925926,daily life,
1729,72609057,229.32643518518518,daily life,
1730,72609057,229.3270601851852,daily life,
1731,72609057,229.3277199074074,daily life,
1732,72609057,229.95496527777777,others,
1733,72609057,229.96334490740742,drama,
1734,72609057,229.98070601851853,others,
1735,72609057,229.98160879629629,others,
1736,72609057,229.9957175925926,others,
1737,72609057,230.01171296296297,others,
1738,72609057,230.57597222222222,news,
1739,72609057,230.62166666666667,news,
1740,72609057,230.66412037037037,news,
1741,72609057,230.74605324074074,news,
1742,72609057,230.77751157407408,movie,
1743,72609057,230.8020949074074,others,
1744,72609057,230.81592592592594,others,
1745,72609057,230.83,others,
1746,72609057,230.84387731481482,others,
1747,72609057,230.85765046296297,others,
1748,72609057,230.86898148148148,others,
1749,72609057,230.88322916666667,others,
1750,72609057,230.89743055555556,others,
1751,72609057,230.9282986111111,entertainment,
1752,72609057,231.25568287037038,entertainment,
1753,72609057,231.25680555555556,news,
1754,72609057,231.29909722222223,news,
1755,72609057,231.3377199074074,news,
1756,72609057,231.4082060185185,news,
1757,72609057,231.45207175925927,news,
1758,72609057,231.48302083333334,news,
1759,72609057,231.5246527777778,news,
1760,72609057,231.56202546296296,news,
1761,72609057,231.58489583333332,news,
1762,72609057,231.61878472222222,news,
1763,72609057,231.6340625,news,
1764,72609057,231.64806712962962,news,
1765,72609057,231.6695601851852,news,
1766,72609057,231.7109837962963,movie,
1767,72609057,231.71637731481482,others,
1768,72609057,231.7192824074074,others,
1769,72609057,231.73671296296297,others,
1770,72609057,231.76694444444445,others,
1771,72609057,231.84284722222222,drama,
1772,72609057,231.871875,drama,
1773,72609057,231.89967592592592,drama,
1774,72609057,231.92770833333333,drama,
1775,72609057,232.78336805555554,drama,
1776,72609057,232.82086805555556,drama,
1777,72609057,232.85032407407408,drama,
1778,72609057,232.87967592592594,drama,
1779,72609057,232.90967592592594,drama,
1780,72609057,233.66488425925925,drama,
1781,72609057,233.69523148148147,drama,
1782,72609057,233.73311342592592,others,
1783,72609057,233.73642361111112,economy,
1784,72609057,233.7922800925926,drama,
1785,72609057,233.8229050925926,drama,
1786,72609057,233.84854166666668,drama,
1787,72609057,234.6445949074074,entertainment,
1788,72609057,234.64618055555556,entertainment,
1789,72609057,234.64853009259258,others,
1790,72609057,234.6644560185185,others,
1791,72609057,234.6826388888889,others,
1792,72609057,234.6999537037037,others,
1793,72609057,234.80506944444446,drama,
1794,72609057,234.83673611111112,drama,
1795,72609057,234.86899305555556,drama,
1796,72609057,236.69329861111112,others,
1797,72609057,236.85930555555555,drama,
1798,72609057,236.8886689814815,drama,
1799,72609057,236.9198726851852,drama,
1800,72609057,237.27091435185184,drama,
1801,72609057,237.30024305555557,drama,
1802,72609057,237.32827546296295,drama,
1803,72609057,237.349375,drama,
1804,72609057,237.3682523148148,drama,
1805,72609057,237.385625,drama,
1806,72609057,237.40849537037036,drama,
1807,72609057,237.43788194444446,drama,
1808,72609057,237.46300925925925,drama,
1809,72609057,237.48609953703703,drama,
1810,72609057,237.5172685185185,drama,
1811,72609057,237.54844907407409,drama,
1812,72609057,237.5609375,drama,
1813,72609057,237.5734837962963,drama,
1814,72609057,237.60466435185185,drama,
1815,72609057,237.61424768518518,drama,
1816,72609057,237.6370601851852,drama,
1817,72609057,237.66002314814816,drama,
1818,72609057,237.7492939814815,entertainment,
1819,72609057,237.75363425925926,drama,
1820,72609057,237.77813657407407,drama,
1821,72609057,237.80760416666666,drama,
1822,72609057,237.8267013888889,drama,
1823,72609057,237.8367824074074,drama,
1824,72609057,237.8609375,drama,
1825,72609057,237.8809375,drama,
1826,72609057,237.89870370370372,drama,
1827,72609057,237.9186226851852,drama,
1828,72609057,237.9327199074074,drama,
1829,72609057,237.944375,drama,
1830,72609057,237.97373842592592,drama,
1831,72609057,237.99840277777778,drama,
1832,72609057,238.0277662037037,drama,
1833,72609057,238.3476736111111,drama,
1834,72609057,238.37612268518518,drama,
1835,72609057,238.40590277777778,drama,
1836,72609057,238.4350347222222,drama,
1837,72609057,238.4634375,drama,
1838,72609057,238.49262731481483,drama,
1839,72609057,238.51590277777777,drama,
1840,72609057,238.72877314814815,drama,
1841,72609057,238.82133101851852,drama,
1842,72609057,238.84869212962963,drama,
1843,72609057,238.8783912037037,drama,
1844,72609057,238.9077199074074,drama,
1845,72609057,238.93594907407407,drama,
1846,72609057,239.3295486111111,drama,
1847,72609057,240.35114583333333,drama,
1848,72609057,240.3819675925926,drama,
1849,72609057,240.41097222222223,drama,
1850,72609057,240.47008101851853,others,
1851,72609057,240.56012731481482,drama,
1852,72609057,240.72836805555556,others,
1853,72609057,240.73111111111112,drama,
1854,72609057,240.7630324074074,drama,
1855,72609057,240.79268518518518,drama,
1856,72609057,240.91273148148147,news,
1857,72609057,240.9147800925926,entertainment,
1858,72609057,240.91609953703704,entertainment,
1859,72609057,240.9166087962963,entertainment,
1860,72609057,240.92388888888888,entertainment,
1861,72609057,240.92726851851853,entertainment,
1862,72609057,240.92863425925927,entertainment,
1863,72609057,240.93349537037037,entertainment,
1864,72609057,240.93407407407406,entertainment,
1865,72609057,240.93690972222223,entertainment,
1866,72609057,240.93770833333335,entertainment,
1867,72609057,240.93901620370372,entertainment,
1868,72609057,240.94390046296297,entertainment,
1869,72609057,240.94681712962964,entertainment,
1870,72609057,240.94765046296297,entertainment,
1871,72609057,240.95038194444444,entertainment,
1872,72609057,240.95328703703703,entertainment,
1873,72609057,240.95483796296296,entertainment,
1874,72609057,240.95666666666668,entertainment,
1875,72609057,240.95927083333333,entertainment,
1876,72609057,240.9600115740741,entertainment,
1877,72609057,240.9609027777778,entertainment,
1878,72609057,240.96148148148148,entertainment,
1879,72609057,240.9628935185185,entertainment,
1880,72609057,240.96354166666666,entertainment,
1881,72609057,240.96637731481482,entertainment,
1882,72609057,240.9686111111111,entertainment,
1883,72609057,240.9698263888889,entertainment,
1884,72609057,240.97694444444446,others,
1885,72609057,241.42652777777778,drama,
1886,72609057,241.91072916666667,others,
1887,72609057,242.58091435185185,others,
1888,72609057,242.71016203703704,movie,
1889,72609057,242.7286689814815,drama,
1890,72609057,242.75944444444445,drama,
1891,72609057,242.83859953703703,drama,
1892,72609057,242.86443287037036,drama,
1893,72609057,242.8962037037037,drama,
1894,72609057,242.92560185185187,drama,
1895,72609057,242.95591435185185,drama,
1896,72609057,243.87788194444445,drama,
1897,72609057,243.90748842592592,drama,
1898,72609057,243.9366087962963,drama,
1899,72609057,243.96574074074073,drama,
1900,72609057,244.29025462962963,drama,
1901,72609057,244.32005787037036,drama,
1902,72609057,244.34826388888888,drama,
1903,72609057,244.36885416666667,drama,
1904,72609057,244.39859953703703,drama,
1905,72609057,244.4397337962963,drama,
1906,72609057,244.5669675925926,economy,
1907,72609057,244.58314814814815,economy,
1908,72609057,244.6009375,economy,
1909,72609057,244.65715277777778,others,
1910,72609057,244.68690972222223,others,
1911,72609057,244.81002314814816,others,
1912,72609057,244.84032407407406,others,
1913,72609057,244.8711574074074,others,
1914,72609057,244.90159722222222,others,
1915,72609057,245.26804398148147,others,
1916,72609057,245.29857638888888,others,
1917,72609057,245.32208333333332,others,
1918,72609057,245.40474537037036,others,
1919,72609057,245.40806712962964,others,
1920,72609057,245.45091435185185,movie,
1921,72609057,245.49137731481483,drama,
1922,72609057,245.52962962962962,drama,
1923,72609057,245.56797453703703,drama,
1924,72609057,245.59135416666666,drama,
1925,72609057,245.8161111111111,drama,
1926,72609057,245.84733796296297,drama,
1927,72609057,245.85572916666666,drama,
1928,72609057,245.8862037037037,drama,
1929,72609057,246.5861574074074,drama,
1930,72609057,246.7773263888889,drama,
1931,72609057,246.8075,drama,
1932,72609057,246.82969907407409,drama,
1933,72609057,246.85568287037037,drama,
1934,72609057,246.88002314814815,drama,
1935,72609057,246.90527777777777,drama,
1936,72609057,246.92938657407407,drama,
1937,72609057,246.95645833333333,drama,
1938,72609057,247.6913425925926,news,
1939,72609057,247.6921064814815,news,
1940,72609057,247.81842592592594,drama,
1941,72609057,247.83971064814816,drama,
1942,72609057,247.84597222222223,drama,
1943,72609057,247.8559375,drama,
1944,72609057,247.86622685185185,drama,
1945,72609057,247.87224537037036,drama,
1946,72609057,247.87556712962962,drama,
1947,72609057,247.88155092592592,drama,
1948,72609057,247.8943402777778,drama,
1949,72609057,247.91611111111112,drama,
1950,72609057,247.92445601851853,drama,
1951,72609057,247.94828703703703,drama,
1952,72609057,247.95320601851853,drama,
1953,72609057,248.48674768518518,movie,
1954,72609057,249.78204861111112,drama,
1955,72609057,249.81304398148148,drama,
1956,72609057,249.8441435185185,drama,
1957,72609057,249.87533564814814,drama,
1958,72609057,249.90474537037036,drama,
1959,72609057,249.93101851851853,drama,
1960,72609057,250.64935185185186,drama,
1961,72609057,250.6531712962963,drama,
1962,72609057,250.80640046296296,drama,
1963,72609057,250.83673611111112,drama,
1964,72609057,250.8528587962963,drama,
1965,72609057,250.86887731481482,drama,
1966,72609057,250.86997685185185,drama,
1967,72609057,250.89998842592593,drama,
1968,72609057,251.28398148148148,drama,
1969,72609057,251.31351851851852,drama,
1970,72609057,251.3402662037037,drama,
1971,72609057,251.36386574074075,drama,
1972,72609057,251.39322916666666,drama,
1973,72609057,251.42300925925926,drama,
1974,72609057,251.44180555555556,drama,
1975,72609057,251.46635416666666,drama,
1976,72609057,251.49600694444445,drama,
1977,72609057,251.51304398148147,drama,
1978,72609057,251.5317824074074,drama,
1979,72609057,251.55246527777777,drama,
1980,72609057,251.56972222222223,drama,
1981,72609057,251.58369212962964,drama,
1982,72609057,251.59346064814815,drama,
1983,72609057,251.62105324074074,drama,
1984,72609057,251.6283912037037,drama,
1985,72609057,251.64228009259259,drama,
1986,72609057,251.65087962962963,drama,
1987,72609057,251.83109953703703,drama,
1988,72609057,252.5042824074074,sports,
1989,72609057,252.53373842592592,sports,
1990,72609057,252.56333333333333,sports,
1991,72609057,252.59273148148148,sports,
1992,72609057,252.62381944444445,sports,
1993,72609057,253.70395833333333,drama,
1994,72609057,253.73431712962963,drama,
1995,72609057,253.76363425925925,drama,
1996,72609057,253.79399305555555,drama,
1997,72609057,253.82569444444445,sports,
1998,72609057,254.32309027777777,others,
1999,72609057,254.35435185185185,others,
2000,72609057,254.38684027777776,others,
2001,72609057,254.4166550925926,others,
2002,72609057,254.48436342592592,others,
2003,72609057,254.7083912037037,kids,
2004,72609057,254.88145833333334,entertainment,
2005,72609057,254.88314814814814,entertainment,
2006,72609057,254.88396990740742,entertainment,
2007,72609057,254.88633101851852,entertainment,
2008,72609057,254.88837962962964,entertainment,
2009,72609057,255.29930555555555,others,
2010,72609057,255.3286226851852,others,
2011,72609057,255.68355324074074,entertainment,
2012,72609057,256.0021527777778,drama,
2013,72609057,256.3466087962963,drama,
2014,72609057,256.3754166666667,drama,
2015,72609057,256.4157175925926,drama,
2016,72609057,256.4681018518518,others,
2017,72609057,256.84253472222224,others,
2018,72609057,257.3877777777778,others,
2019,72609057,257.41667824074074,others,
2020,72609057,257.4275,others,
2021,72609057,257.4432523148148,others,
2022,72609057,257.49429398148146,drama,
2023,72609057,257.5249421296296,drama,
2024,72609057,257.55460648148147,drama,
2025,72609057,258.30429398148146,drama,
2026,72609057,258.32402777777776,drama,
2027,72609057,258.33908564814817,drama,
2028,72609057,258.36960648148147,drama,
2029,72609057,258.4007060185185,drama,
2030,72609057,258.43001157407406,drama,
2031,72609057,258.45344907407406,drama,
2032,72609057,258.47743055555554,drama,
2033,72609057,258.4831365740741,drama,
2034,72609057,258.5118634259259,drama,
2035,72609057,258.5265509259259,drama,
2036,72609057,258.53956018518517,drama,
2037,72609057,258.56484953703705,drama,
2038,72609057,258.5911458333333,drama,
2039,72609057,258.62039351851854,drama,
2040,72609057,258.63621527777775,drama,
2041,72609057,258.665625,drama,
2042,72609057,258.7578819444444,drama,
2043,72609057,258.7588310185185,drama,
2044,72609057,258.78818287037035,drama,
2045,72609057,258.8062268518519,drama,
2046,72609057,258.81679398148145,drama,
2047,72609057,258.845462962963,drama,
2048,72609057,258.8563657407407,drama,
2049,72609057,258.87724537037036,drama,
2050,72609057,258.8935300925926,drama,
2051,72609057,258.9013888888889,drama,
2052,72609057,258.9248842592593,drama,
2053,72609057,258.94001157407405,drama,
2054,72609057,258.9560648148148,drama,
2055,72609057,258.9665972222222,drama,
2056,72609057,259.55758101851853,drama,
2057,72609057,259.58947916666665,drama,
2058,72609057,259.61788194444443,drama,
2059,72609057,259.64684027777776,drama,
2060,72609057,259.67662037037036,drama,
2061,72609057,259.7080787037037,drama,
2062,72609057,259.8394212962963,drama,
2063,72609057,259.84630787037037,drama,
2064,72609057,259.8569212962963,drama,
2065,72609057,259.8811226851852,drama,
2066,72609057,260.72164351851853,drama,
2067,72609057,260.75230324074073,drama,
2068,72609057,260.782650462963,drama,
2069,72609057,260.813287037037,drama,
2070,72609057,260.84373842592595,drama,
2071,72609057,261.7093287037037,drama,
2072,72609057,261.7597800925926,drama,
2073,72609057,261.78979166666664,drama,
2074,72609057,261.8196527777778,drama,
2075,72609057,261.8493287037037,drama,
2076,72609057,261.87922453703703,drama,
2077,72609057,262.87394675925924,science,
2078,72609057,262.9002199074074,science,
2079,72609057,263.8339236111111,others,
2080,72609057,263.83819444444447,others,
2081,72609057,264.5899074074074,news,
2082,72609057,264.600462962963,news,
2083,72609057,264.60109953703704,news,
2084,72609057,264.6030324074074,news,
2085,72609057,264.6051736111111,news,
2086,72609057,264.6059837962963,news,
2087,72609057,264.6074652777778,news,
2088,72609057,264.60891203703704,news,
2089,72609057,264.6094675925926,news,
2090,72609057,264.6104976851852,news,
2091,72609057,264.6121412037037,news,
2092,72609057,264.6144097222222,news,
2093,72609057,264.61628472222225,news,
2094,72609057,264.61766203703706,news,
2095,72609057,264.61950231481484,news,
2096,72609057,264.6200462962963,news,
2097,72609057,264.62111111111113,news,
2098,72609057,264.62231481481484,news,
2099,72609057,264.6245601851852,news,
2100,72609057,264.62519675925927,news,
2101,72609057,264.6262615740741,news,
2102,72609057,264.6284375,news,
2103,72609057,264.63047453703706,news,
2104,72609057,264.63101851851854,news,
2105,72609057,264.6326041666667,news,
2106,72609057,264.63350694444443,news,
2107,72609057,264.6340162037037,news,
2108,72609057,264.6345601851852,economy,
2109,72609057,264.63512731481484,news,
2110,72609057,264.6360763888889,news,
2111,72609057,264.6375810185185,news,
2112,72609057,264.640625,news,
2113,72609057,264.64189814814813,news,
2114,72609057,264.6430671296296,news,
2115,72609057,264.6452662037037,news,
2116,72609057,264.64690972222223,news,
2117,72609057,264.64827546296294,news,
2118,72609057,264.6491898148148,news,
2119,72609057,264.65030092592593,news,
2120,72609057,264.6529050925926,news,
2121,72609057,264.65681712962964,news,
2122,72609057,264.6589814814815,news,
2123,72609057,264.6608796296296,news,
2124,72609057,264.6626273148148,news,
2125,72609057,264.6642708333333,news,
2126,72609057,264.680474537037,others,
2127,72609057,265.6866435185185,entertainment,
2128,72609057,265.68854166666665,entertainment,
2129,72609057,265.76006944444447,drama,
2130,72609057,265.7890277777778,drama,
2131,72609057,265.8198726851852,drama,
2132,72609057,265.85068287037035,drama,
2133,72609057,265.87967592592594,drama,
2134,72609057,265.91050925925924,drama,
2135,72609057,266.263912037037,drama,
2136,72609057,266.2931712962963,drama,
2137,72609057,266.3227662037037,drama,
2138,72609057,266.3520138888889,drama,
2139,72609057,266.38234953703704,drama,
2140,72609057,266.41108796296294,drama,
2141,72609057,266.47872685185183,drama,
2142,72609057,266.49203703703705,drama,
2143,72609057,266.5174537037037,drama,
2144,72609057,266.54658564814815,drama,
2145,72609057,266.57581018518516,drama,
2146,72609057,266.6061111111111,drama,
2147,72609057,266.63640046296297,drama,
2148,72609057,268.4222800925926,drama,
2149,72609057,268.4643634259259,drama,
2150,72609057,268.49238425925927,drama,
2151,72609057,269.8820023148148,others,
2152,72609057,269.8870601851852,others,
2153,72609057,271.80596064814813,others,
2154,72609057,271.8375,others,
2155,72609057,271.86675925925925,others,
2156,72609057,271.89256944444446,others,
2157,72609057,271.92188657407405,others,
2158,72609057,271.95118055555554,others,
2159,72609057,271.9805787037037,others,
2160,72609057,272.95900462962965,others,
2161,72609057,273.0018865740741,others,
2162,72609057,273.04699074074074,others,
2163,72609057,273.82375,others,
2164,72609057,273.8532638888889,others,
2165,72609057,273.88256944444447,others,
2166,72609057,273.912037037037,others,
2167,72609057,273.9414814814815,others,
2168,72609057,273.970625,others,
2169,72609057,273.99984953703705,others,
2170,72609057,274.49243055555553,others,
2171,72609057,274.5097685185185,others,
2172,72609057,274.53966435185185,others,
2173,72609057,274.57064814814817,others,
2174,72609057,274.6000810185185,others,
2175,72609057,274.62934027777777,others,
2176,72609057,274.66931712962963,others,
2177,72609057,274.8446875,others,
2178,72609057,274.87430555555557,others,
2179,72609057,274.9077893518519,drama,
2180,72609057,275.92429398148147,movie,
2181,72609057,277.7724421296296,drama,
2182,72609057,277.8083217592593,drama,
2183,72609057,277.8446412037037,entertainment,
2184,72609057,277.8757175925926,entertainment,
2185,72609057,277.9053009259259,entertainment,
2186,72609057,277.9354861111111,entertainment,
2187,72609057,277.9647685185185,entertainment,
2188,72609057,277.99450231481484,entertainment,
2189,72609057,278.02440972222223,entertainment,
2190,72609057,278.95944444444444,entertainment,
2191,72609057,278.9890625,entertainment,
2192,72609057,279.01868055555553,entertainment,
2193,72609057,279.04822916666666,entertainment,
2194,72609057,279.3856944444444,entertainment,
2195,72609057,279.4150810185185,entertainment,
2196,72609057,279.44481481481483,entertainment,
2197,72609057,279.8872337962963,movie,
2198,72609057,279.89666666666665,drama,
2199,72609057,279.92068287037034,drama,
2200,72609057,280.4924074074074,entertainment,
2201,72609057,280.52243055555556,entertainment,
2202,72609057,280.5820601851852,entertainment,
2203,72609057,280.6122453703704,entertainment,
2204,72609057,280.64167824074076,entertainment,
2205,72609057,280.7632523148148,others,
2206,72609057,280.90818287037035,entertainment,
2207,72609057,281.7985532407407,entertainment,
2208,72609057,281.8282986111111,entertainment,
2209,72609057,281.85791666666665,entertainment,
2210,72609057,281.8753819444444,entertainment,
2211,72609057,281.9052314814815,entertainment,
2212,72609057,282.75331018518517,entertainment,
2213,72609057,282.7831712962963,entertainment,
2214,72609057,282.8132523148148,entertainment,
2215,72609057,282.8430787037037,entertainment,
2216,72609057,282.87319444444444,entertainment,
2217,72609057,282.90627314814816,others,
2218,72609057,283.86733796296295,entertainment,
2219,72609057,284.7846759259259,drama,
2220,72609057,284.8165509259259,drama,
2221,72609057,284.8466203703704,drama,
2222,72609057,284.8765625,drama,
2223,72609057,284.9062847222222,drama,
2224,72609057,284.93600694444444,drama,
2225,72609057,285.79953703703706,drama,
2226,72609057,285.82947916666666,drama,
2227,72609057,285.83783564814814,drama,
2228,72609057,285.8397337962963,drama,
2229,72609057,285.8623611111111,drama,
2230,72609057,285.8920949074074,drama,
2231,72609057,286.763912037037,drama,
2232,72609057,286.7729513888889,entertainment,
2233,72609057,286.79877314814814,drama,
2234,72609057,286.79956018518516,drama,
2235,72609057,286.8297685185185,drama,
2236,72609057,286.85939814814816,drama,
2237,72609057,287.5461574074074,drama,
2238,72609057,287.5769212962963,drama,
2239,72609057,287.6932638888889,others,
2240,72609057,287.88722222222225,drama,
2241,72609057,287.9066319444444,drama,
2242,72609057,287.9361689814815,drama,
2243,72609057,287.9670138888889,drama,
2244,72609057,288.9453472222222,entertainment,
2245,72609057,290.44028935185185,drama,
2246,72609057,290.4658912037037,drama,
2247,72609057,290.50207175925925,drama,
2248,72609057,290.5048958333333,drama,
2249,72609057,293.72108796296294,others,
2250,72609057,293.7223726851852,others,
2251,72609057,293.72376157407405,others,
2252,72609057,293.7254398148148,others,
2253,72609057,293.72616898148146,kids,
2254,72609057,293.72729166666664,others,
2255,72609057,293.72800925925924,others,
2256,72609057,293.7286111111111,others,
2257,72609057,293.7306134259259,others,
2258,72609057,293.7316550925926,others,
2259,72609057,293.7323611111111,others,
2260,72609057,293.7334259259259,others,
2261,72609057,293.7348958333333,others,
2262,72609057,293.73545138888886,others,
2263,72609057,293.7360763888889,others,
2264,72609057,293.73665509259257,others,
2265,72609057,293.7382060185185,movie,
2266,72609057,293.7398958333333,others,
2267,72609057,293.74135416666667,others,
2268,72609057,293.74194444444447,others,
2269,72609057,293.74484953703706,others,
2270,72609057,293.7469560185185,others,
2271,72609057,293.7482175925926,entertainment,
2272,72609057,293.75138888888887,others,
2273,72609057,294.58538194444446,others,
2274,72609057,296.81046296296296,others,
2275,72609057,296.85515046296297,others,
2276,72609057,296.8732175925926,documentary,
2277,72609057,296.9145833333333,documentary,
2278,72609057,297.80984953703705,movie,
2279,72609057,298.7675462962963,drama,
2280,72609057,298.8194560185185,drama,
2281,72609057,298.8695486111111,drama,
2282,72609057,299.8225115740741,drama,
2283,72609057,299.86949074074073,drama,
2284,72609057,299.91435185185185,drama,
2285,72609057,299.9317476851852,drama,
2286,72609057,300.34818287037035,drama,
2287,72609057,300.39086805555553,drama,
2288,72609057,300.42912037037036,drama,
2289,72609057,300.4778703703704,drama,
2290,72609057,300.50251157407405,drama,
2291,72609057,300.5508564814815,drama,
2292,72609057,300.5827199074074,drama,
2293,72609057,300.6241550925926,drama,
2294,72609057,300.7510185185185,drama,
2295,72609057,300.7897106481482,drama,
2296,72609057,300.8697569444444,drama,
2297,72609057,300.8865625,drama,
2298,72609057,300.9059722222222,others,
2299,72609057,301.4615162037037,drama,
2300,72609057,301.49258101851854,drama,
2301,72609057,301.52229166666666,drama,
2302,72609057,301.55207175925926,drama,
2303,72609057,301.5821990740741,drama,
2304,72609057,301.6117824074074,drama,
2305,72609057,301.6414467592593,drama,
2306,72609057,301.6725231481482,drama,
2307,72609057,301.7025810185185,drama,
2308,72609057,302.2722337962963,news,
2309,72609057,302.4793402777778,drama,
2310,72609057,302.50909722222224,drama,
2311,72609057,302.53949074074075,drama,
2312,72609057,302.57032407407405,drama,
2313,72609057,302.5990277777778,drama,
2314,72609057,302.6294212962963,drama,
2315,72609057,304.8852083333333,others,
2316,72609057,304.88800925925926,movie,
2317,72609057,304.89125,entertainment,
2318,72609057,306.8562152777778,others,
2319,72609057,306.9861574074074,others,
2320,72609057,307.5046875,movie,
2321,72609057,307.7174537037037,movie,
2322,72609057,307.95369212962964,movie,
2323,72609057,308.54901620370373,others,
2324,72609057,308.76609953703706,kids,
2325,72609057,308.82800925925926,daily life,
2326,72609057,308.8336689814815,daily life,
2327,72609057,308.8344560185185,daily life,
2328,72609057,308.8380902777778,daily life,
2329,72609057,308.8408449074074,daily life,
2330,72609057,308.8438541666667,daily life,
2331,72609057,308.8445486111111,daily life,
2332,72609057,308.8520833333333,daily life,
2333,72609057,308.85295138888887,daily life,
2334,72609057,308.85436342592595,daily life,
2335,72609057,308.86045138888886,kids,
2336,72609057,308.86188657407405,kids,
2337,72609057,309.7959375,kids,
2338,72609057,310.8713310185185,drama,
2339,72609057,310.9035300925926,drama,
2340,72609057,311.8182175925926,movie,
2341,72609057,311.8769560185185,others,
2342,72609057,311.8790509259259,others,
2343,72609057,311.8924652777778,others,
2344,72609057,312.6979398148148,movie,
2345,72609057,312.75995370370373,others,
2346,72609057,312.82547453703705,movie,
2347,72609057,314.6750462962963,science,
2348,72609057,314.74822916666665,others,
2349,72609057,314.77118055555553,others,
2350,72609057,314.77952546296297,others,
2351,72609057,315.6354513888889,drama,
2352,72609057,315.67113425925925,movie,
2353,72609057,315.7078935185185,others,
2354,72609057,315.77256944444446,movie,
2355,72609057,315.8666782407407,drama,
2356,72609057,315.896875,drama,
2357,72609057,315.9325,drama,
2358,72609057,317.8648611111111,others,
2359,72609057,317.88341435185185,news,
2360,72609057,317.8883333333333,movie,
2361,72609057,319.83287037037036,others,
2362,72609057,319.8962152777778,others,
2363,72609057,320.77232638888887,others,
2364,72609057,321.0029050925926,movie,
2365,72609057,321.0609606481481,others,
2366,72609057,321.7646759259259,others,
2367,72609057,321.7881712962963,others,
2368,72609057,321.85461805555553,movie,
2369,72609057,321.8622222222222,others,
2370,72609057,321.9257175925926,movie,
2371,72609057,321.9498263888889,movie,
2372,72609057,321.9537384259259,others,
2373,72609057,322.44855324074075,others,
2374,72609057,322.70327546296295,others,
2375,72609057,322.70400462962965,others,
2376,72609057,322.70625,others,
2377,72609057,322.730162037037,drama,
2378,72609057,322.74056712962965,drama,
2379,72609057,322.77068287037036,drama,
2380,72609057,322.80104166666666,drama,
2381,72609057,322.8307638888889,drama,
2382,72609057,322.86114583333335,drama,
2383,72609057,322.8912037037037,drama,
2384,72609057,322.89914351851854,drama,
2385,72609057,323.8362847222222,others,
2386,72609057,326.8274074074074,drama,
2387,72609057,326.83516203703704,drama,
2388,72609057,327.77430555555554,movie,
2389,72609057,327.83344907407405,others,
2390,72609057,329.4770833333333,drama,
2391,72609057,329.5078819444444,drama,
2392,72609057,329.53828703703704,drama,
2393,72609057,329.5675462962963,drama,
2394,72609057,329.59644675925927,drama,
2395,72609057,329.62569444444443,drama,
2396,72609057,329.6840740740741,drama,
2397,72609057,329.72555555555556,drama,
2398,72609057,329.75344907407407,drama,
2399,72609057,329.7818287037037,drama,
2400,72609057,329.8107175925926,drama,
2401,72609057,329.8383101851852,drama,
2402,72609057,329.86510416666664,drama,
2403,72609057,329.88542824074074,drama,
2404,72609057,330.4054398148148,drama,
2405,72609057,330.43481481481484,drama,
2406,72609057,330.4643287037037,drama,
2407,72609057,330.4923958333333,drama,
2408,72609057,330.52215277777776,drama,
2409,72609057,330.78746527777776,movie,
2410,72609057,330.8011574074074,entertainment,
2411,72609057,330.85597222222225,others,
2412,72609057,330.9879861111111,movie,
2413,72609057,331.46038194444446,drama,
2414,72609057,332.4948611111111,drama,
2415,72609057,332.52554398148146,drama,
2416,72609057,333.8168171296296,movie,
2417,72609057,333.8193865740741,drama,
2418,72609057,333.8768171296296,movie,
2419,72609057,334.9095023148148,drama,
2420,72609057,334.93644675925924,drama,
2421,72609057,-0.029155092592592594,drama,
