,cluster_id,time,seqlength,coh_cluster,kmeans_clusters,kmeans_time,ap_clusters,ap_time,gmm_clusters,gmm_time,dbscan_clusters,dbscan_time
0,0,12.13866,64,2,0,233.3595,1,233.88811,0,245.3341,-1,234.39152
1,0,12.13866,62,2,0,233.3595,1,233.88811,0,245.3341,-1,234.39152
2,0,12.13866,68,2,0,233.3595,25,233.88811,0,245.3341,-1,234.39152
3,0,12.13866,52,2,0,233.3595,20,233.88811,0,245.3341,-1,234.39152
4,0,12.13866,67,2,0,233.3595,19,233.88811,0,245.3341,-1,234.39152
5,0,12.13866,71,2,0,233.3595,8,233.88811,0,245.3341,-1,234.39152
6,0,12.13866,67,2,0,233.3595,14,233.88811,0,245.3341,-1,234.39152
7,0,12.13866,56,2,0,233.3595,15,233.88811,0,245.3341,-1,234.39152
8,0,12.13866,59,2,0,233.3595,1,233.88811,0,245.3341,-1,234.39152
9,0,12.13866,54,0,0,233.3595,28,233.88811,0,245.3341,-1,234.39152
10,0,12.13866,63,2,0,233.3595,25,233.88811,0,245.3341,-1,234.39152
11,0,12.13866,60,2,0,233.3595,28,233.88811,0,245.3341,-1,234.39152
12,0,12.13866,61,2,0,233.3595,14,233.88811,0,245.3341,-1,234.39152
13,0,12.13866,81,2,0,233.3595,24,233.88811,0,245.3341,-1,234.39152
14,0,12.13866,57,2,0,233.3595,1,233.88811,0,245.3341,-1,234.39152
15,0,12.13866,56,2,0,233.3595,24,233.88811,0,245.3341,-1,234.39152
16,0,12.13866,55,2,0,233.3595,4,233.88811,0,245.3341,-1,234.39152
17,0,12.13866,73,2,0,233.3595,28,233.88811,0,245.3341,-1,234.39152
18,0,12.13866,62,2,0,233.3595,28,233.88811,0,245.3341,-1,234.39152
19,0,12.13866,79,2,0,233.3595,25,233.88811,0,245.3341,-1,234.39152
20,0,12.13866,49,2,0,233.3595,28,233.88811,0,245.3341,-1,234.39152
21,0,12.13866,50,2,0,233.3595,1,233.88811,0,245.3341,-1,234.39152
22,0,12.13866,77,2,0,233.3595,1,233.88811,0,245.3341,-1,234.39152
23,0,12.13866,60,2,0,233.3595,21,233.88811,0,245.3341,-1,234.39152
24,0,12.13866,61,2,0,233.3595,20,233.88811,0,245.3341,-1,234.39152
25,0,12.13866,51,2,0,233.3595,1,233.88811,0,245.3341,-1,234.39152
26,0,12.13866,56,2,0,233.3595,3,233.88811,0,245.3341,-1,234.39152
27,0,12.13866,67,2,0,233.3595,24,233.88811,0,245.3341,-1,234.39152
28,0,12.13866,58,2,0,233.3595,1,233.88811,0,245.3341,-1,234.39152
29,0,12.13866,72,2,0,233.3595,26,233.88811,0,245.3341,-1,234.39152
30,0,12.13866,60,2,0,233.3595,25,233.88811,0,245.3341,-1,234.39152
31,0,12.13866,57,2,0,233.3595,11,233.88811,0,245.3341,-1,234.39152
32,0,12.13866,64,2,0,233.3595,3,233.88811,0,245.3341,-1,234.39152
33,0,12.13866,70,2,0,233.3595,8,233.88811,0,245.3341,-1,234.39152
34,0,12.13866,64,2,0,233.3595,25,233.88811,0,245.3341,-1,234.39152
35,0,12.13866,63,2,0,233.3595,14,233.88811,0,245.3341,-1,234.39152
36,0,12.13866,64,2,0,233.3595,16,233.88811,0,245.3341,-1,234.39152
37,0,12.13866,60,2,0,233.3595,9,233.88811,0,245.3341,-1,234.39152
38,0,12.13866,62,2,0,233.3595,3,233.88811,0,245.3341,-1,234.39152
39,0,12.13866,56,2,0,233.3595,1,233.88811,0,245.3341,-1,234.39152
40,0,12.13866,66,2,0,233.3595,25,233.88811,0,245.3341,-1,234.39152
41,0,12.13866,64,2,0,233.3595,16,233.88811,0,245.3341,-1,234.39152
42,0,12.13866,59,2,0,233.3595,4,233.88811,0,245.3341,-1,234.39152
43,0,12.13866,68,2,0,233.3595,1,233.88811,0,245.3341,-1,234.39152
44,0,12.13866,70,2,0,233.3595,1,233.88811,0,245.3341,-1,234.39152
45,0,12.13866,69,2,0,233.3595,8,233.88811,0,245.3341,-1,234.39152
46,0,12.13866,66,2,0,233.3595,3,233.88811,0,245.3341,-1,234.39152
47,0,12.13866,65,2,0,233.3595,25,233.88811,0,245.3341,-1,234.39152
48,0,12.13866,63,2,0,233.3595,16,233.88811,0,245.3341,-1,234.39152
49,0,12.13866,66,2,0,233.3595,1,233.88811,0,245.3341,-1,234.39152
50,0,12.13866,63,2,0,233.3595,1,233.88811,0,245.3341,-1,234.39152
51,0,12.13866,65,2,0,233.3595,1,233.88811,0,245.3341,-1,234.39152
52,0,12.13866,65,2,0,233.3595,26,233.88811,0,245.3341,-1,234.39152
53,0,12.13866,56,2,0,233.3595,27,233.88811,0,245.3341,-1,234.39152
54,0,12.13866,56,2,0,233.3595,13,233.88811,0,245.3341,-1,234.39152
55,0,12.13866,53,2,0,233.3595,1,233.88811,0,245.3341,-1,234.39152
56,0,12.13866,61,2,0,233.3595,14,233.88811,0,245.3341,-1,234.39152
57,0,12.13866,56,2,0,233.3595,13,233.88811,0,245.3341,-1,234.39152
58,0,12.13866,64,2,0,233.3595,25,233.88811,0,245.3341,-1,234.39152
59,0,12.13866,53,2,0,233.3595,1,233.88811,0,245.3341,-1,234.39152
60,0,12.13866,55,2,0,233.3595,0,233.88811,0,245.3341,-1,234.39152
61,0,12.13866,73,2,0,233.3595,25,233.88811,0,245.3341,-1,234.39152
62,0,12.13866,66,2,0,233.3595,8,233.88811,0,245.3341,-1,234.39152
63,0,12.13866,62,2,0,233.3595,4,233.88811,0,245.3341,-1,234.39152
64,0,12.13866,60,2,0,233.3595,1,233.88811,0,245.3341,-1,234.39152
65,0,12.13866,53,2,0,233.3595,1,233.88811,0,245.3341,-1,234.39152
66,0,12.13866,59,2,0,233.3595,13,233.88811,0,245.3341,-1,234.39152
67,0,12.13866,63,2,0,233.3595,15,233.88811,0,245.3341,-1,234.39152
68,0,12.13866,64,2,0,233.3595,1,233.88811,0,245.3341,-1,234.39152
69,0,12.13866,78,2,0,233.3595,21,233.88811,0,245.3341,-1,234.39152
70,0,12.13866,64,2,0,233.3595,25,233.88811,0,245.3341,-1,234.39152
71,0,12.13866,62,2,0,233.3595,1,233.88811,0,245.3341,-1,234.39152
72,0,12.13866,66,2,0,233.3595,20,233.88811,0,245.3341,-1,234.39152
73,0,12.13866,63,2,0,233.3595,25,233.88811,0,245.3341,-1,234.39152
74,0,12.13866,61,2,0,233.3595,25,233.88811,0,245.3341,-1,234.39152
75,0,12.13866,75,2,0,233.3595,25,233.88811,0,245.3341,-1,234.39152
76,0,12.13866,57,2,0,233.3595,2,233.88811,0,245.3341,-1,234.39152
77,0,12.13866,54,2,0,233.3595,0,233.88811,0,245.3341,-1,234.39152
78,0,12.13866,63,2,0,233.3595,2,233.88811,0,245.3341,-1,234.39152
79,0,12.13866,52,2,0,233.3595,27,233.88811,0,245.3341,-1,234.39152
80,0,12.13866,61,2,0,233.3595,27,233.88811,0,245.3341,-1,234.39152
81,0,12.13866,63,2,0,233.3595,1,233.88811,0,245.3341,-1,234.39152
82,0,12.13866,69,2,0,233.3595,23,233.88811,0,245.3341,-1,234.39152
83,0,12.13866,65,2,0,233.3595,1,233.88811,0,245.3341,-1,234.39152
84,0,12.13866,73,2,0,233.3595,1,233.88811,0,245.3341,-1,234.39152
85,0,12.13866,70,2,0,233.3595,26,233.88811,0,245.3341,-1,234.39152
86,0,12.13866,69,2,0,233.3595,1,233.88811,0,245.3341,-1,234.39152
87,0,12.13866,57,2,0,233.3595,27,233.88811,0,245.3341,-1,234.39152
88,0,12.13866,67,2,0,233.3595,26,233.88811,0,245.3341,-1,234.39152
89,0,12.13866,74,2,0,233.3595,13,233.88811,0,245.3341,-1,234.39152
90,0,12.13866,68,2,0,233.3595,0,233.88811,0,245.3341,-1,234.39152
91,0,12.13866,61,2,0,233.3595,6,233.88811,0,245.3341,-1,234.39152
92,0,12.13866,63,2,0,233.3595,21,233.88811,0,245.3341,-1,234.39152
93,0,12.13866,65,2,0,233.3595,26,233.88811,0,245.3341,-1,234.39152
94,0,12.13866,56,2,0,233.3595,26,233.88811,0,245.3341,-1,234.39152
95,0,12.13866,66,2,0,233.3595,1,233.88811,0,245.3341,-1,234.39152
96,0,12.13866,49,2,0,233.3595,24,233.88811,0,245.3341,-1,234.39152
97,0,12.13866,75,2,0,233.3595,4,233.88811,0,245.3341,-1,234.39152
98,0,12.13866,63,2,0,233.3595,3,233.88811,0,245.3341,-1,234.39152
99,0,12.13866,62,2,0,233.3595,26,233.88811,0,245.3341,-1,234.39152
100,0,12.13866,58,2,0,233.3595,26,233.88811,0,245.3341,-1,234.39152
101,0,12.13866,67,2,0,233.3595,24,233.88811,0,245.3341,-1,234.39152
102,0,12.13866,59,2,0,233.3595,3,233.88811,0,245.3341,-1,234.39152
103,0,12.13866,54,2,0,233.3595,28,233.88811,0,245.3341,-1,234.39152
104,0,12.13866,59,2,0,233.3595,1,233.88811,0,245.3341,-1,234.39152
105,0,12.13866,65,2,0,233.3595,1,233.88811,0,245.3341,-1,234.39152
106,0,12.13866,46,2,0,233.3595,14,233.88811,0,245.3341,-1,234.39152
107,0,12.13866,69,2,0,233.3595,25,233.88811,0,245.3341,-1,234.39152
108,0,12.13866,82,2,0,233.3595,1,233.88811,0,245.3341,-1,234.39152
109,0,12.13866,64,2,0,233.3595,1,233.88811,0,245.3341,-1,234.39152
110,0,12.13866,64,2,0,233.3595,3,233.88811,0,245.3341,-1,234.39152
111,0,12.13866,57,2,0,233.3595,9,233.88811,0,245.3341,-1,234.39152
112,0,12.13866,58,2,0,233.3595,3,233.88811,0,245.3341,-1,234.39152
113,0,12.13866,66,2,0,233.3595,25,233.88811,0,245.3341,-1,234.39152
114,0,12.13866,69,2,0,233.3595,26,233.88811,0,245.3341,-1,234.39152
115,0,12.13866,65,2,0,233.3595,22,233.88811,0,245.3341,-1,234.39152
116,0,12.13866,65,2,0,233.3595,18,233.88811,0,245.3341,-1,234.39152
117,0,12.13866,47,2,0,233.3595,18,233.88811,0,245.3341,-1,234.39152
118,0,12.13866,68,2,0,233.3595,1,233.88811,0,245.3341,-1,234.39152
119,0,12.13866,72,2,0,233.3595,1,233.88811,0,245.3341,-1,234.39152
120,0,12.13866,62,2,0,233.3595,25,233.88811,0,245.3341,-1,234.39152
121,0,12.13866,57,2,0,233.3595,2,233.88811,0,245.3341,-1,234.39152
122,0,12.13866,66,2,0,233.3595,1,233.88811,0,245.3341,-1,234.39152
123,0,12.13866,58,2,0,233.3595,1,233.88811,0,245.3341,-1,234.39152
124,0,12.13866,71,2,0,233.3595,1,233.88811,0,245.3341,-1,234.39152
125,0,12.13866,62,2,0,233.3595,23,233.88811,0,245.3341,-1,234.39152
126,0,12.13866,62,0,0,233.3595,28,233.88811,0,245.3341,-1,234.39152
127,0,12.13866,65,2,0,233.3595,3,233.88811,0,245.3341,-1,234.39152
128,0,12.13866,69,2,0,233.3595,1,233.88811,0,245.3341,-1,234.39152
129,0,12.13866,54,2,0,233.3595,4,233.88811,0,245.3341,-1,234.39152
130,0,12.13866,63,2,0,233.3595,25,233.88811,0,245.3341,-1,234.39152
131,0,12.13866,46,2,0,233.3595,23,233.88811,0,245.3341,-1,234.39152
132,0,12.13866,62,2,0,233.3595,14,233.88811,0,245.3341,-1,234.39152
133,0,12.13866,67,2,0,233.3595,25,233.88811,0,245.3341,-1,234.39152
134,0,12.13866,73,2,0,233.3595,8,233.88811,0,245.3341,-1,234.39152
135,0,12.13866,55,2,0,233.3595,25,233.88811,0,245.3341,-1,234.39152
136,0,12.13866,66,2,0,233.3595,26,233.88811,0,245.3341,-1,234.39152
137,0,12.13866,60,2,0,233.3595,1,233.88811,0,245.3341,-1,234.39152
138,0,12.13866,62,2,0,233.3595,21,233.88811,0,245.3341,-1,234.39152
139,0,12.13866,63,2,0,233.3595,25,233.88811,0,245.3341,-1,234.39152
140,0,12.13866,61,2,0,233.3595,8,233.88811,0,245.3341,-1,234.39152
141,0,12.13866,59,2,0,233.3595,13,233.88811,0,245.3341,-1,234.39152
142,0,12.13866,65,2,0,233.3595,26,233.88811,0,245.3341,-1,234.39152
143,0,12.13866,57,2,0,233.3595,1,233.88811,0,245.3341,-1,234.39152
144,0,12.13866,70,2,0,233.3595,1,233.88811,0,245.3341,-1,234.39152
145,0,12.13866,61,2,0,233.3595,25,233.88811,0,245.3341,-1,234.39152
146,0,12.13866,68,2,0,233.3595,28,233.88811,0,245.3341,-1,234.39152
147,0,12.13866,65,2,0,233.3595,18,233.88811,0,245.3341,-1,234.39152
148,0,12.13866,70,2,0,233.3595,25,233.88811,0,245.3341,-1,234.39152
149,0,12.13866,64,2,0,233.3595,1,233.88811,0,245.3341,-1,234.39152
150,0,12.13866,75,2,0,233.3595,8,233.88811,0,245.3341,-1,234.39152
151,0,12.13866,59,2,0,233.3595,28,233.88811,0,245.3341,-1,234.39152
152,0,12.13866,62,2,0,233.3595,1,233.88811,0,245.3341,-1,234.39152
153,0,12.13866,58,2,0,233.3595,24,233.88811,0,245.3341,-1,234.39152
154,0,12.13866,62,2,0,233.3595,28,233.88811,0,245.3341,-1,234.39152
155,0,12.13866,71,2,0,233.3595,25,233.88811,0,245.3341,-1,234.39152
156,0,12.13866,84,2,0,233.3595,1,233.88811,0,245.3341,-1,234.39152
157,0,12.13866,63,2,0,233.3595,2,233.88811,0,245.3341,-1,234.39152
158,0,12.13866,59,2,0,233.3595,28,233.88811,0,245.3341,-1,234.39152
159,0,12.13866,64,2,0,233.3595,28,233.88811,0,245.3341,-1,234.39152
160,0,12.13866,86,2,0,233.3595,15,233.88811,0,245.3341,-1,234.39152
161,0,12.13866,61,2,0,233.3595,15,233.88811,0,245.3341,-1,234.39152
162,0,12.13866,63,2,0,233.3595,28,233.88811,0,245.3341,-1,234.39152
163,0,12.13866,66,2,0,233.3595,21,233.88811,0,245.3341,-1,234.39152
164,0,12.13866,48,2,0,233.3595,25,233.88811,0,245.3341,-1,234.39152
165,0,12.13866,58,2,0,233.3595,23,233.88811,0,245.3341,-1,234.39152
166,0,12.13866,62,2,0,233.3595,3,233.88811,0,245.3341,-1,234.39152
167,0,12.13866,66,2,0,233.3595,1,233.88811,0,245.3341,-1,234.39152
168,0,12.13866,79,2,0,233.3595,25,233.88811,0,245.3341,-1,234.39152
169,0,12.13866,61,0,0,233.3595,3,233.88811,0,245.3341,-1,234.39152
170,0,12.13866,71,2,0,233.3595,7,233.88811,0,245.3341,-1,234.39152
171,0,12.13866,55,2,0,233.3595,25,233.88811,0,245.3341,-1,234.39152
172,0,12.13866,60,2,0,233.3595,16,233.88811,0,245.3341,-1,234.39152
173,0,12.13866,66,2,0,233.3595,14,233.88811,0,245.3341,-1,234.39152
174,0,12.13866,70,2,0,233.3595,24,233.88811,0,245.3341,-1,234.39152
175,0,12.13866,73,2,0,233.3595,18,233.88811,0,245.3341,-1,234.39152
176,0,12.13866,54,2,0,233.3595,1,233.88811,0,245.3341,-1,234.39152
177,0,12.13866,70,2,0,233.3595,1,233.88811,0,245.3341,-1,234.39152
178,0,12.13866,56,2,0,233.3595,28,233.88811,0,245.3341,-1,234.39152
179,0,12.13866,57,2,0,233.3595,25,233.88811,0,245.3341,-1,234.39152
180,0,12.13866,62,2,0,233.3595,18,233.88811,0,245.3341,-1,234.39152
181,0,12.13866,64,2,0,233.3595,23,233.88811,0,245.3341,-1,234.39152
182,0,12.13866,60,2,0,233.3595,26,233.88811,0,245.3341,-1,234.39152
183,0,12.13866,70,2,0,233.3595,23,233.88811,0,245.3341,-1,234.39152
184,0,12.13866,61,2,0,233.3595,26,233.88811,0,245.3341,-1,234.39152
185,0,12.13866,71,0,0,233.3595,19,233.88811,0,245.3341,-1,234.39152
186,0,12.13866,64,2,0,233.3595,7,233.88811,0,245.3341,-1,234.39152
187,0,12.13866,68,2,0,233.3595,16,233.88811,0,245.3341,-1,234.39152
188,0,12.13866,73,2,0,233.3595,14,233.88811,0,245.3341,-1,234.39152
189,0,12.13866,55,2,0,233.3595,1,233.88811,0,245.3341,-1,234.39152
190,0,12.13866,64,2,0,233.3595,1,233.88811,0,245.3341,-1,234.39152
191,0,12.13866,63,0,0,233.3595,2,233.88811,0,245.3341,-1,234.39152
192,0,12.13866,60,2,0,233.3595,26,233.88811,0,245.3341,-1,234.39152
193,0,12.13866,60,2,0,233.3595,26,233.88811,0,245.3341,-1,234.39152
194,0,12.13866,59,2,0,233.3595,4,233.88811,0,245.3341,-1,234.39152
195,0,12.13866,58,2,0,233.3595,4,233.88811,0,245.3341,-1,234.39152
196,0,12.13866,83,2,0,233.3595,24,233.88811,0,245.3341,-1,234.39152
197,0,12.13866,53,2,0,233.3595,21,233.88811,0,245.3341,-1,234.39152
198,0,12.13866,61,2,0,233.3595,8,233.88811,0,245.3341,-1,234.39152
199,0,12.13866,63,2,0,233.3595,25,233.88811,0,245.3341,-1,234.39152
200,0,12.13866,71,2,0,233.3595,24,233.88811,0,245.3341,-1,234.39152
201,0,12.13866,69,2,0,233.3595,25,233.88811,0,245.3341,-1,234.39152
202,0,12.13866,68,2,0,233.3595,1,233.88811,0,245.3341,-1,234.39152
203,0,12.13866,68,2,0,233.3595,19,233.88811,0,245.3341,-1,234.39152
204,0,12.13866,57,2,0,233.3595,26,233.88811,0,245.3341,-1,234.39152
205,0,12.13866,68,2,0,233.3595,28,233.88811,0,245.3341,-1,234.39152
206,0,12.13866,54,2,0,233.3595,8,233.88811,0,245.3341,-1,234.39152
207,0,12.13866,54,2,0,233.3595,25,233.88811,0,245.3341,-1,234.39152
208,0,12.13866,49,2,0,233.3595,1,233.88811,0,245.3341,-1,234.39152
209,0,12.13866,64,2,0,233.3595,18,233.88811,0,245.3341,-1,234.39152
210,0,12.13866,71,2,0,233.3595,4,233.88811,0,245.3341,-1,234.39152
211,0,12.13866,65,2,0,233.3595,5,233.88811,0,245.3341,-1,234.39152
212,0,12.13866,54,2,0,233.3595,27,233.88811,0,245.3341,-1,234.39152
213,0,12.13866,68,2,0,233.3595,1,233.88811,0,245.3341,-1,234.39152
214,0,12.13866,62,2,0,233.3595,8,233.88811,0,245.3341,-1,234.39152
215,0,12.13866,60,2,0,233.3595,3,233.88811,0,245.3341,-1,234.39152
216,0,12.13866,56,2,0,233.3595,25,233.88811,0,245.3341,-1,234.39152
217,0,12.13866,76,2,0,233.3595,26,233.88811,0,245.3341,-1,234.39152
218,0,12.13866,65,2,0,233.3595,19,233.88811,0,245.3341,-1,234.39152
219,0,12.13866,74,0,0,233.3595,1,233.88811,0,245.3341,-1,234.39152
220,0,12.13866,76,2,0,233.3595,28,233.88811,0,245.3341,-1,234.39152
221,0,12.13866,61,2,0,233.3595,0,233.88811,0,245.3341,-1,234.39152
222,0,12.13866,67,2,0,233.3595,28,233.88811,0,245.3341,-1,234.39152
223,0,12.13866,72,2,0,233.3595,1,233.88811,0,245.3341,-1,234.39152
224,0,12.13866,65,2,0,233.3595,26,233.88811,0,245.3341,-1,234.39152
225,0,12.13866,52,2,0,233.3595,25,233.88811,0,245.3341,-1,234.39152
226,0,12.13866,66,2,0,233.3595,1,233.88811,0,245.3341,-1,234.39152
227,0,12.13866,74,2,0,233.3595,13,233.88811,0,245.3341,-1,234.39152
228,0,12.13866,62,2,0,233.3595,19,233.88811,0,245.3341,-1,234.39152
229,0,12.13866,61,2,0,233.3595,3,233.88811,0,245.3341,-1,234.39152
230,0,12.13866,62,2,0,233.3595,19,233.88811,0,245.3341,-1,234.39152
231,0,12.13866,62,2,0,233.3595,25,233.88811,0,245.3341,-1,234.39152
232,0,12.13866,59,2,0,233.3595,4,233.88811,0,245.3341,-1,234.39152
233,0,12.13866,68,2,0,233.3595,24,233.88811,0,245.3341,-1,234.39152
234,0,12.13866,57,2,0,233.3595,11,233.88811,0,245.3341,-1,234.39152
235,0,12.13866,63,2,0,233.3595,1,233.88811,0,245.3341,-1,234.39152
236,0,12.13866,65,2,0,233.3595,28,233.88811,0,245.3341,-1,234.39152
237,0,12.13866,63,2,0,233.3595,13,233.88811,0,245.3341,-1,234.39152
238,0,12.13866,78,2,0,233.3595,28,233.88811,0,245.3341,-1,234.39152
239,0,12.13866,51,2,0,233.3595,1,233.88811,0,245.3341,-1,234.39152
240,0,12.13866,61,2,0,233.3595,25,233.88811,0,245.3341,-1,234.39152
241,0,12.13866,66,2,0,233.3595,1,233.88811,0,245.3341,-1,234.39152
242,0,12.13866,57,2,0,233.3595,19,233.88811,0,245.3341,-1,234.39152
243,0,12.13866,65,2,0,233.3595,1,233.88811,0,245.3341,-1,234.39152
244,0,12.13866,64,2,0,233.3595,1,233.88811,0,245.3341,-1,234.39152
245,0,12.13866,54,2,0,233.3595,14,233.88811,0,245.3341,-1,234.39152
246,0,12.13866,72,1,0,233.3595,1,233.88811,0,245.3341,-1,234.39152
247,0,12.13866,69,2,0,233.3595,11,233.88811,0,245.3341,-1,234.39152
248,0,12.13866,62,2,0,233.3595,20,233.88811,0,245.3341,-1,234.39152
249,0,12.13866,52,2,0,233.3595,20,233.88811,0,245.3341,-1,234.39152
250,0,12.13866,55,2,0,233.3595,25,233.88811,0,245.3341,-1,234.39152
251,0,12.13866,61,2,0,233.3595,25,233.88811,0,245.3341,-1,234.39152
252,0,12.13866,67,2,0,233.3595,25,233.88811,0,245.3341,-1,234.39152
253,0,12.13866,58,2,0,233.3595,25,233.88811,0,245.3341,-1,234.39152
254,0,12.13866,61,2,0,233.3595,25,233.88811,0,245.3341,-1,234.39152
255,0,12.13866,57,2,0,233.3595,2,233.88811,0,245.3341,-1,234.39152
256,0,12.13866,63,2,0,233.3595,4,233.88811,0,245.3341,-1,234.39152
257,0,12.13866,60,2,0,233.3595,21,233.88811,0,245.3341,-1,234.39152
258,0,12.13866,66,2,0,233.3595,1,233.88811,0,245.3341,-1,234.39152
259,0,12.13866,68,2,0,233.3595,25,233.88811,0,245.3341,-1,234.39152
260,0,12.13866,65,2,0,233.3595,25,233.88811,0,245.3341,-1,234.39152
261,0,12.13866,68,2,0,233.3595,25,233.88811,0,245.3341,-1,234.39152
262,0,12.13866,56,2,0,233.3595,20,233.88811,0,245.3341,-1,234.39152
263,0,12.13866,76,2,0,233.3595,5,233.88811,0,245.3341,-1,234.39152
264,0,12.13866,69,2,0,233.3595,26,233.88811,0,245.3341,-1,234.39152
265,0,12.13866,55,2,0,233.3595,25,233.88811,0,245.3341,-1,234.39152
266,0,12.13866,75,2,0,233.3595,25,233.88811,0,245.3341,-1,234.39152
267,0,12.13866,53,2,0,233.3595,25,233.88811,0,245.3341,-1,234.39152
268,0,12.13866,57,2,0,233.3595,7,233.88811,0,245.3341,-1,234.39152
269,0,12.13866,81,2,0,233.3595,0,233.88811,0,245.3341,-1,234.39152
270,0,12.13866,67,2,0,233.3595,3,233.88811,0,245.3341,-1,234.39152
271,0,12.13866,55,2,0,233.3595,9,233.88811,0,245.3341,-1,234.39152
272,0,12.13866,59,2,0,233.3595,23,233.88811,0,245.3341,-1,234.39152
273,0,12.13866,61,2,0,233.3595,25,233.88811,0,245.3341,-1,234.39152
274,0,12.13866,67,2,0,233.3595,14,233.88811,0,245.3341,-1,234.39152
275,0,12.13866,55,2,0,233.3595,1,233.88811,0,245.3341,-1,234.39152
276,0,12.13866,62,2,0,233.3595,1,233.88811,0,245.3341,-1,234.39152
277,0,12.13866,57,2,0,233.3595,25,233.88811,0,245.3341,-1,234.39152
278,0,12.13866,58,2,0,233.3595,28,233.88811,0,245.3341,-1,234.39152
279,0,12.13866,58,0,0,233.3595,25,233.88811,0,245.3341,-1,234.39152
280,0,12.13866,64,2,0,233.3595,1,233.88811,0,245.3341,-1,234.39152
281,0,12.13866,69,2,0,233.3595,21,233.88811,0,245.3341,-1,234.39152
282,0,12.13866,74,2,0,233.3595,1,233.88811,0,245.3341,-1,234.39152
283,0,12.13866,51,2,0,233.3595,3,233.88811,0,245.3341,-1,234.39152
284,0,12.13866,57,2,0,233.3595,28,233.88811,0,245.3341,-1,234.39152
285,0,12.13866,50,2,0,233.3595,22,233.88811,0,245.3341,-1,234.39152
286,0,12.13866,78,2,0,233.3595,6,233.88811,0,245.3341,-1,234.39152
287,0,12.13866,54,2,0,233.3595,2,233.88811,0,245.3341,-1,234.39152
288,0,12.13866,69,2,0,233.3595,8,233.88811,0,245.3341,-1,234.39152
289,0,12.13866,58,2,0,233.3595,5,233.88811,0,245.3341,-1,234.39152
290,0,12.13866,71,2,0,233.3595,22,233.88811,0,245.3341,-1,234.39152
291,0,12.13866,63,2,0,233.3595,3,233.88811,0,245.3341,-1,234.39152
292,0,12.13866,56,2,0,233.3595,25,233.88811,0,245.3341,-1,234.39152
293,0,12.13866,56,2,0,233.3595,19,233.88811,0,245.3341,-1,234.39152
294,0,12.13866,61,2,0,233.3595,23,233.88811,0,245.3341,-1,234.39152
295,0,12.13866,60,2,0,233.3595,25,233.88811,0,245.3341,-1,234.39152
296,0,12.13866,59,0,0,233.3595,20,233.88811,0,245.3341,-1,234.39152
297,0,12.13866,71,2,0,233.3595,25,233.88811,0,245.3341,-1,234.39152
298,0,12.13866,50,2,0,233.3595,25,233.88811,0,245.3341,-1,234.39152
299,0,12.13866,81,2,0,233.3595,26,233.88811,0,245.3341,-1,234.39152
300,0,12.13866,72,2,0,233.3595,1,233.88811,0,245.3341,-1,234.39152
301,0,12.13866,60,2,0,233.3595,1,233.88811,0,245.3341,-1,234.39152
302,0,12.13866,56,2,0,233.3595,1,233.88811,0,245.3341,-1,234.39152
303,0,12.13866,77,2,0,233.3595,24,233.88811,0,245.3341,-1,234.39152
304,0,12.13866,68,2,0,233.3595,15,233.88811,0,245.3341,-1,234.39152
305,0,12.13866,61,2,0,233.3595,7,233.88811,0,245.3341,-1,234.39152
306,0,12.13866,46,2,0,233.3595,4,233.88811,0,245.3341,-1,234.39152
307,0,12.13866,69,2,0,233.3595,5,233.88811,0,245.3341,-1,234.39152
308,0,12.13866,58,2,0,233.3595,1,233.88811,0,245.3341,-1,234.39152
309,0,12.13866,76,2,0,233.3595,27,233.88811,0,245.3341,-1,234.39152
310,0,12.13866,66,2,0,233.3595,19,233.88811,0,245.3341,-1,234.39152
311,0,12.13866,77,2,0,233.3595,25,233.88811,0,245.3341,-1,234.39152
312,0,12.13866,66,2,0,233.3595,1,233.88811,0,245.3341,-1,234.39152
313,0,12.13866,70,2,0,233.3595,8,233.88811,0,245.3341,-1,234.39152
314,0,12.13866,66,2,0,233.3595,5,233.88811,0,245.3341,-1,234.39152
315,0,12.13866,56,2,0,233.3595,7,233.88811,0,245.3341,-1,234.39152
316,0,12.13866,69,2,0,233.3595,28,233.88811,0,245.3341,-1,234.39152
317,0,12.13866,64,2,0,233.3595,23,233.88811,0,245.3341,-1,234.39152
318,0,12.13866,53,2,0,233.3595,26,233.88811,0,245.3341,-1,234.39152
319,0,12.13866,60,2,0,233.3595,1,233.88811,0,245.3341,-1,234.39152
320,0,12.13866,69,2,0,233.3595,1,233.88811,0,245.3341,-1,234.39152
321,0,12.13866,82,2,0,233.3595,1,233.88811,0,245.3341,-1,234.39152
322,0,12.13866,55,2,0,233.3595,25,233.88811,0,245.3341,-1,234.39152
323,0,12.13866,71,2,0,233.3595,1,233.88811,0,245.3341,-1,234.39152
324,0,12.13866,54,2,0,233.3595,8,233.88811,0,245.3341,-1,234.39152
325,0,12.13866,61,2,0,233.3595,18,233.88811,0,245.3341,-1,234.39152
326,0,12.13866,72,2,0,233.3595,21,233.88811,0,245.3341,-1,234.39152
327,0,12.13866,62,2,0,233.3595,1,233.88811,0,245.3341,-1,234.39152
328,0,12.13866,64,2,0,233.3595,16,233.88811,0,245.3341,-1,234.39152
329,0,12.13866,81,2,0,233.3595,23,233.88811,0,245.3341,-1,234.39152
330,0,12.13866,58,2,0,233.3595,23,233.88811,0,245.3341,-1,234.39152
331,0,12.13866,63,2,0,233.3595,1,233.88811,0,245.3341,-1,234.39152
332,0,12.13866,69,2,0,233.3595,23,233.88811,0,245.3341,-1,234.39152
333,0,12.13866,58,2,0,233.3595,0,233.88811,0,245.3341,-1,234.39152
334,0,12.13866,60,0,0,233.3595,1,233.88811,0,245.3341,-1,234.39152
335,0,12.13866,62,2,0,233.3595,22,233.88811,0,245.3341,-1,234.39152
336,0,12.13866,72,2,0,233.3595,28,233.88811,0,245.3341,-1,234.39152
337,0,12.13866,68,2,0,233.3595,26,233.88811,0,245.3341,-1,234.39152
338,0,12.13866,76,2,0,233.3595,11,233.88811,0,245.3341,-1,234.39152
339,0,12.13866,68,2,0,233.3595,1,233.88811,0,245.3341,-1,234.39152
340,0,12.13866,73,2,0,233.3595,27,233.88811,0,245.3341,-1,234.39152
341,0,12.13866,79,2,0,233.3595,25,233.88811,0,245.3341,-1,234.39152
342,0,12.13866,55,2,0,233.3595,1,233.88811,0,245.3341,-1,234.39152
343,0,12.13866,68,2,0,233.3595,1,233.88811,0,245.3341,-1,234.39152
344,0,12.13866,67,2,0,233.3595,4,233.88811,0,245.3341,-1,234.39152
345,0,12.13866,71,2,0,233.3595,0,233.88811,0,245.3341,-1,234.39152
346,0,12.13866,77,2,0,233.3595,1,233.88811,0,245.3341,-1,234.39152
347,0,12.13866,72,2,0,233.3595,26,233.88811,0,245.3341,-1,234.39152
348,0,12.13866,61,2,0,233.3595,25,233.88811,0,245.3341,-1,234.39152
349,0,12.13866,64,2,0,233.3595,20,233.88811,0,245.3341,-1,234.39152
350,0,12.13866,61,2,0,233.3595,1,233.88811,0,245.3341,-1,234.39152
351,0,12.13866,66,2,0,233.3595,28,233.88811,0,245.3341,-1,234.39152
352,0,12.13866,60,2,0,233.3595,20,233.88811,0,245.3341,-1,234.39152
353,0,12.13866,65,2,0,233.3595,26,233.88811,0,245.3341,-1,234.39152
354,0,12.13866,65,2,0,233.3595,2,233.88811,0,245.3341,-1,234.39152
355,0,12.13866,70,2,0,233.3595,4,233.88811,0,245.3341,-1,234.39152
356,0,12.13866,80,2,0,233.3595,25,233.88811,0,245.3341,-1,234.39152
357,0,12.13866,74,2,0,233.3595,26,233.88811,0,245.3341,-1,234.39152
358,0,12.13866,57,2,0,233.3595,21,233.88811,0,245.3341,-1,234.39152
359,0,12.13866,67,2,0,233.3595,26,233.88811,0,245.3341,-1,234.39152
360,0,12.13866,59,2,0,233.3595,1,233.88811,0,245.3341,-1,234.39152
361,0,12.13866,65,2,0,233.3595,16,233.88811,0,245.3341,-1,234.39152
362,0,12.13866,77,2,0,233.3595,2,233.88811,0,245.3341,-1,234.39152
363,0,12.13866,64,2,0,233.3595,5,233.88811,0,245.3341,-1,234.39152
364,0,12.13866,60,2,0,233.3595,1,233.88811,0,245.3341,-1,234.39152
365,0,12.13866,60,2,0,233.3595,1,233.88811,0,245.3341,-1,234.39152
366,0,12.13866,62,2,0,233.3595,4,233.88811,0,245.3341,-1,234.39152
367,0,12.13866,79,2,0,233.3595,23,233.88811,0,245.3341,-1,234.39152
368,0,12.13866,64,2,0,233.3595,26,233.88811,0,245.3341,-1,234.39152
369,0,12.13866,70,2,0,233.3595,24,233.88811,0,245.3341,-1,234.39152
370,0,12.13866,66,2,0,233.3595,25,233.88811,0,245.3341,-1,234.39152
371,0,12.13866,57,2,0,233.3595,26,233.88811,0,245.3341,-1,234.39152
372,0,12.13866,60,2,0,233.3595,26,233.88811,0,245.3341,-1,234.39152
373,0,12.13866,70,2,0,233.3595,9,233.88811,0,245.3341,-1,234.39152
374,0,12.13866,73,2,0,233.3595,1,233.88811,0,245.3341,-1,234.39152
375,0,12.13866,63,2,0,233.3595,1,233.88811,0,245.3341,-1,234.39152
376,0,12.13866,64,2,0,233.3595,25,233.88811,0,245.3341,-1,234.39152
377,0,12.13866,49,2,0,233.3595,24,233.88811,0,245.3341,-1,234.39152
378,0,12.13866,59,2,0,233.3595,1,233.88811,0,245.3341,-1,234.39152
379,0,12.13866,58,2,0,233.3595,25,233.88811,0,245.3341,-1,234.39152
380,0,12.13866,60,2,0,233.3595,1,233.88811,0,245.3341,-1,234.39152
381,0,12.13866,65,2,0,233.3595,1,233.88811,0,245.3341,-1,234.39152
382,0,12.13866,59,2,0,233.3595,14,233.88811,0,245.3341,-1,234.39152
383,0,12.13866,66,2,0,233.3595,25,233.88811,0,245.3341,-1,234.39152
384,0,12.13866,59,2,0,233.3595,28,233.88811,0,245.3341,-1,234.39152
385,0,12.13866,67,2,0,233.3595,21,233.88811,0,245.3341,-1,234.39152
386,0,12.13866,62,2,0,233.3595,1,233.88811,0,245.3341,-1,234.39152
387,0,12.13866,64,2,0,233.3595,1,233.88811,0,245.3341,-1,234.39152
388,0,12.13866,55,2,0,233.3595,16,233.88811,0,245.3341,-1,234.39152
389,0,12.13866,51,2,0,233.3595,25,233.88811,0,245.3341,-1,234.39152
390,0,12.13866,54,2,0,233.3595,14,233.88811,0,245.3341,-1,234.39152
391,0,12.13866,54,2,0,233.3595,1,233.88811,0,245.3341,-1,234.39152
392,0,12.13866,61,2,0,233.3595,25,233.88811,0,245.3341,-1,234.39152
393,0,12.13866,62,2,0,233.3595,5,233.88811,0,245.3341,-1,234.39152
394,0,12.13866,58,2,0,233.3595,25,233.88811,0,245.3341,-1,234.39152
395,0,12.13866,56,2,0,233.3595,23,233.88811,0,245.3341,-1,234.39152
396,0,12.13866,57,2,0,233.3595,1,233.88811,0,245.3341,-1,234.39152
397,0,12.13866,58,2,0,233.3595,22,233.88811,0,245.3341,-1,234.39152
398,0,12.13866,65,2,0,233.3595,25,233.88811,0,245.3341,-1,234.39152
399,0,12.13866,70,0,0,233.3595,28,233.88811,0,245.3341,-1,234.39152
400,1,12.13866,36,1,0,233.3595,14,233.88811,0,245.3341,-1,234.39152
401,1,12.13866,44,1,0,233.3595,1,233.88811,0,245.3341,-1,234.39152
402,1,12.13866,56,1,0,233.3595,18,233.88811,0,245.3341,-1,234.39152
403,1,12.13866,53,1,0,233.3595,18,233.88811,0,245.3341,-1,234.39152
404,1,12.13866,29,1,0,233.3595,25,233.88811,0,245.3341,-1,234.39152
405,1,12.13866,39,1,0,233.3595,15,233.88811,0,245.3341,-1,234.39152
406,1,12.13866,48,1,0,233.3595,2,233.88811,0,245.3341,-1,234.39152
407,1,12.13866,41,1,0,233.3595,25,233.88811,0,245.3341,-1,234.39152
408,1,12.13866,57,0,0,233.3595,20,233.88811,0,245.3341,-1,234.39152
409,1,12.13866,35,1,0,233.3595,26,233.88811,0,245.3341,-1,234.39152
410,1,12.13866,53,1,0,233.3595,1,233.88811,0,245.3341,-1,234.39152
411,1,12.13866,46,1,0,233.3595,1,233.88811,0,245.3341,-1,234.39152
412,1,12.13866,46,1,0,233.3595,16,233.88811,0,245.3341,-1,234.39152
413,1,12.13866,54,1,0,233.3595,21,233.88811,0,245.3341,-1,234.39152
414,1,12.13866,41,1,0,233.3595,3,233.88811,0,245.3341,-1,234.39152
415,1,12.13866,47,1,0,233.3595,4,233.88811,0,245.3341,-1,234.39152
416,1,12.13866,55,1,0,233.3595,26,233.88811,0,245.3341,-1,234.39152
417,1,12.13866,44,1,0,233.3595,1,233.88811,0,245.3341,-1,234.39152
418,1,12.13866,53,1,0,233.3595,28,233.88811,0,245.3341,-1,234.39152
419,1,12.13866,37,1,0,233.3595,26,233.88811,0,245.3341,-1,234.39152
420,1,12.13866,46,1,0,233.3595,28,233.88811,0,245.3341,-1,234.39152
421,1,12.13866,29,1,0,233.3595,5,233.88811,0,245.3341,-1,234.39152
422,1,12.13866,45,1,0,233.3595,3,233.88811,0,245.3341,-1,234.39152
423,1,12.13866,47,1,0,233.3595,18,233.88811,0,245.3341,-1,234.39152
424,1,12.13866,58,1,0,233.3595,21,233.88811,0,245.3341,-1,234.39152
425,1,12.13866,52,1,0,233.3595,25,233.88811,0,245.3341,-1,234.39152
426,1,12.13866,32,1,0,233.3595,5,233.88811,0,245.3341,-1,234.39152
427,1,12.13866,41,1,0,233.3595,6,233.88811,0,245.3341,-1,234.39152
428,1,12.13866,45,1,0,233.3595,25,233.88811,0,245.3341,-1,234.39152
429,1,12.13866,36,1,0,233.3595,6,233.88811,0,245.3341,-1,234.39152
430,1,12.13866,53,1,0,233.3595,1,233.88811,0,245.3341,-1,234.39152
431,1,12.13866,48,1,0,233.3595,27,233.88811,0,245.3341,-1,234.39152
432,1,12.13866,43,1,0,233.3595,5,233.88811,0,245.3341,-1,234.39152
433,1,12.13866,46,1,0,233.3595,1,233.88811,0,245.3341,-1,234.39152
434,1,12.13866,39,1,0,233.3595,20,233.88811,0,245.3341,-1,234.39152
435,1,12.13866,42,1,0,233.3595,4,233.88811,0,245.3341,-1,234.39152
436,1,12.13866,42,1,0,233.3595,1,233.88811,0,245.3341,-1,234.39152
437,1,12.13866,45,1,0,233.3595,23,233.88811,0,245.3341,-1,234.39152
438,1,12.13866,41,1,0,233.3595,13,233.88811,0,245.3341,-1,234.39152
439,1,12.13866,37,1,0,233.3595,14,233.88811,0,245.3341,-1,234.39152
440,1,12.13866,43,1,0,233.3595,25,233.88811,0,245.3341,-1,234.39152
441,1,12.13866,43,1,0,233.3595,1,233.88811,0,245.3341,-1,234.39152
442,1,12.13866,48,1,0,233.3595,24,233.88811,0,245.3341,-1,234.39152
443,1,12.13866,51,1,0,233.3595,1,233.88811,0,245.3341,-1,234.39152
444,1,12.13866,47,1,0,233.3595,6,233.88811,0,245.3341,-1,234.39152
445,1,12.13866,40,1,0,233.3595,25,233.88811,0,245.3341,-1,234.39152
446,1,12.13866,52,1,0,233.3595,1,233.88811,0,245.3341,-1,234.39152
447,1,12.13866,35,1,0,233.3595,6,233.88811,0,245.3341,-1,234.39152
448,1,12.13866,46,1,0,233.3595,1,233.88811,0,245.3341,-1,234.39152
449,1,12.13866,61,1,0,233.3595,1,233.88811,0,245.3341,-1,234.39152
450,1,12.13866,51,1,0,233.3595,20,233.88811,0,245.3341,-1,234.39152
451,1,12.13866,45,1,0,233.3595,22,233.88811,0,245.3341,-1,234.39152
452,1,12.13866,48,1,0,233.3595,0,233.88811,0,245.3341,-1,234.39152
453,1,12.13866,40,1,0,233.3595,25,233.88811,0,245.3341,-1,234.39152
454,1,12.13866,51,1,0,233.3595,1,233.88811,0,245.3341,-1,234.39152
455,1,12.13866,43,1,0,233.3595,1,233.88811,0,245.3341,-1,234.39152
456,1,12.13866,52,1,0,233.3595,14,233.88811,0,245.3341,-1,234.39152
457,1,12.13866,51,1,0,233.3595,5,233.88811,0,245.3341,-1,234.39152
458,1,12.13866,47,1,0,233.3595,3,233.88811,0,245.3341,-1,234.39152
459,1,12.13866,49,1,0,233.3595,1,233.88811,0,245.3341,-1,234.39152
460,1,12.13866,44,1,0,233.3595,1,233.88811,0,245.3341,-1,234.39152
461,1,12.13866,69,1,0,233.3595,11,233.88811,0,245.3341,-1,234.39152
462,1,12.13866,49,1,0,233.3595,0,233.88811,0,245.3341,-1,234.39152
463,1,12.13866,44,1,0,233.3595,20,233.88811,0,245.3341,-1,234.39152
464,1,12.13866,47,1,0,233.3595,25,233.88811,0,245.3341,-1,234.39152
465,1,12.13866,48,1,0,233.3595,9,233.88811,0,245.3341,-1,234.39152
466,1,12.13866,50,1,0,233.3595,4,233.88811,0,245.3341,-1,234.39152
467,1,12.13866,42,1,0,233.3595,25,233.88811,0,245.3341,-1,234.39152
468,1,12.13866,43,1,0,233.3595,7,233.88811,0,245.3341,-1,234.39152
469,1,12.13866,44,1,0,233.3595,1,233.88811,0,245.3341,-1,234.39152
470,1,12.13866,53,1,0,233.3595,26,233.88811,0,245.3341,-1,234.39152
471,1,12.13866,35,1,0,233.3595,25,233.88811,0,245.3341,-1,234.39152
472,1,12.13866,49,1,0,233.3595,2,233.88811,0,245.3341,-1,234.39152
473,1,12.13866,43,1,0,233.3595,20,233.88811,0,245.3341,-1,234.39152
474,1,12.13866,47,1,0,233.3595,11,233.88811,0,245.3341,-1,234.39152
475,1,12.13866,44,1,0,233.3595,25,233.88811,0,245.3341,-1,234.39152
476,1,12.13866,48,1,0,233.3595,8,233.88811,0,245.3341,-1,234.39152
477,1,12.13866,48,1,0,233.3595,1,233.88811,0,245.3341,-1,234.39152
478,1,12.13866,43,1,0,233.3595,15,233.88811,0,245.3341,-1,234.39152
479,1,12.13866,48,1,0,233.3595,1,233.88811,0,245.3341,-1,234.39152
480,1,12.13866,43,1,0,233.3595,21,233.88811,0,245.3341,-1,234.39152
481,1,12.13866,57,0,0,233.3595,4,233.88811,0,245.3341,-1,234.39152
482,1,12.13866,56,1,0,233.3595,7,233.88811,0,245.3341,-1,234.39152
483,1,12.13866,41,1,0,233.3595,26,233.88811,0,245.3341,-1,234.39152
484,1,12.13866,50,1,0,233.3595,25,233.88811,0,245.3341,-1,234.39152
485,1,12.13866,47,1,0,233.3595,25,233.88811,0,245.3341,-1,234.39152
486,1,12.13866,39,1,0,233.3595,9,233.88811,0,245.3341,-1,234.39152
487,1,12.13866,58,1,0,233.3595,25,233.88811,0,245.3341,-1,234.39152
488,1,12.13866,45,1,0,233.3595,1,233.88811,0,245.3341,-1,234.39152
489,1,12.13866,46,1,0,233.3595,11,233.88811,0,245.3341,-1,234.39152
490,1,12.13866,40,1,0,233.3595,1,233.88811,0,245.3341,-1,234.39152
491,1,12.13866,49,1,0,233.3595,14,233.88811,0,245.3341,-1,234.39152
492,1,12.13866,39,1,0,233.3595,5,233.88811,0,245.3341,-1,234.39152
493,1,12.13866,50,1,0,233.3595,1,233.88811,0,245.3341,-1,234.39152
494,1,12.13866,47,1,0,233.3595,26,233.88811,0,245.3341,-1,234.39152
495,1,12.13866,41,1,0,233.3595,3,233.88811,0,245.3341,-1,234.39152
496,1,12.13866,54,1,0,233.3595,26,233.88811,0,245.3341,-1,234.39152
497,1,12.13866,47,1,0,233.3595,25,233.88811,0,245.3341,-1,234.39152
498,1,12.13866,51,1,0,233.3595,1,233.88811,0,245.3341,-1,234.39152
499,1,12.13866,42,1,0,233.3595,11,233.88811,0,245.3341,-1,234.39152
500,1,12.13866,54,1,0,233.3595,1,233.88811,0,245.3341,-1,234.39152
501,1,12.13866,53,1,0,233.3595,26,233.88811,0,245.3341,-1,234.39152
502,1,12.13866,52,1,0,233.3595,4,233.88811,0,245.3341,-1,234.39152
503,1,12.13866,53,1,0,233.3595,27,233.88811,0,245.3341,-1,234.39152
504,1,12.13866,46,1,0,233.3595,1,233.88811,0,245.3341,-1,234.39152
505,1,12.13866,42,1,0,233.3595,5,233.88811,0,245.3341,-1,234.39152
506,1,12.13866,38,1,0,233.3595,1,233.88811,0,245.3341,-1,234.39152
507,1,12.13866,55,1,0,233.3595,20,233.88811,0,245.3341,-1,234.39152
508,1,12.13866,60,1,0,233.3595,25,233.88811,0,245.3341,-1,234.39152
509,1,12.13866,58,1,0,233.3595,19,233.88811,0,245.3341,-1,234.39152
510,1,12.13866,44,1,0,233.3595,1,233.88811,0,245.3341,-1,234.39152
511,1,12.13866,31,1,0,233.3595,7,233.88811,0,245.3341,-1,234.39152
512,1,12.13866,43,1,2,233.3595,10,233.88811,0,245.3341,-1,234.39152
513,1,12.13866,35,1,0,233.3595,25,233.88811,0,245.3341,-1,234.39152
514,1,12.13866,46,1,0,233.3595,3,233.88811,0,245.3341,-1,234.39152
515,1,12.13866,40,1,0,233.3595,25,233.88811,0,245.3341,-1,234.39152
516,1,12.13866,45,1,0,233.3595,2,233.88811,0,245.3341,-1,234.39152
517,1,12.13866,45,1,0,233.3595,11,233.88811,0,245.3341,-1,234.39152
518,1,12.13866,40,1,0,233.3595,9,233.88811,0,245.3341,-1,234.39152
519,1,12.13866,48,1,0,233.3595,23,233.88811,0,245.3341,-1,234.39152
520,1,12.13866,45,1,0,233.3595,1,233.88811,0,245.3341,-1,234.39152
521,1,12.13866,51,1,0,233.3595,25,233.88811,0,245.3341,-1,234.39152
522,1,12.13866,34,1,0,233.3595,1,233.88811,0,245.3341,-1,234.39152
523,1,12.13866,40,0,0,233.3595,7,233.88811,0,245.3341,-1,234.39152
524,1,12.13866,46,1,0,233.3595,19,233.88811,0,245.3341,-1,234.39152
525,1,12.13866,51,1,0,233.3595,8,233.88811,0,245.3341,-1,234.39152
526,1,12.13866,57,1,0,233.3595,1,233.88811,0,245.3341,-1,234.39152
527,1,12.13866,38,1,0,233.3595,1,233.88811,0,245.3341,-1,234.39152
528,1,12.13866,45,1,0,233.3595,1,233.88811,0,245.3341,-1,234.39152
529,1,12.13866,50,1,0,233.3595,22,233.88811,0,245.3341,-1,234.39152
530,1,12.13866,49,1,0,233.3595,8,233.88811,0,245.3341,-1,234.39152
531,1,12.13866,55,1,0,233.3595,19,233.88811,0,245.3341,-1,234.39152
532,1,12.13866,46,1,0,233.3595,25,233.88811,0,245.3341,-1,234.39152
533,1,12.13866,37,1,0,233.3595,26,233.88811,0,245.3341,-1,234.39152
534,1,12.13866,39,1,0,233.3595,4,233.88811,0,245.3341,-1,234.39152
535,1,12.13866,50,1,0,233.3595,5,233.88811,0,245.3341,-1,234.39152
536,1,12.13866,55,1,0,233.3595,25,233.88811,0,245.3341,-1,234.39152
537,1,12.13866,48,1,0,233.3595,1,233.88811,0,245.3341,-1,234.39152
538,1,12.13866,50,1,0,233.3595,22,233.88811,0,245.3341,-1,234.39152
539,1,12.13866,40,1,0,233.3595,26,233.88811,0,245.3341,-1,234.39152
540,1,12.13866,37,1,0,233.3595,26,233.88811,0,245.3341,-1,234.39152
541,1,12.13866,53,1,0,233.3595,1,233.88811,0,245.3341,-1,234.39152
542,1,12.13866,41,1,0,233.3595,1,233.88811,0,245.3341,-1,234.39152
543,1,12.13866,42,1,0,233.3595,26,233.88811,0,245.3341,-1,234.39152
544,1,12.13866,37,1,0,233.3595,14,233.88811,0,245.3341,-1,234.39152
545,1,12.13866,32,1,0,233.3595,15,233.88811,0,245.3341,-1,234.39152
546,1,12.13866,45,1,0,233.3595,1,233.88811,0,245.3341,-1,234.39152
547,1,12.13866,49,1,0,233.3595,28,233.88811,0,245.3341,-1,234.39152
548,1,12.13866,41,1,1,233.3595,12,233.88811,1,245.3341,-1,234.39152
549,1,12.13866,42,1,0,233.3595,25,233.88811,0,245.3341,-1,234.39152
550,1,12.13866,43,1,0,233.3595,4,233.88811,0,245.3341,-1,234.39152
551,1,12.13866,40,1,0,233.3595,14,233.88811,0,245.3341,-1,234.39152
552,1,12.13866,53,1,0,233.3595,1,233.88811,0,245.3341,-1,234.39152
553,1,12.13866,42,1,0,233.3595,3,233.88811,0,245.3341,-1,234.39152
554,1,12.13866,52,1,0,233.3595,4,233.88811,0,245.3341,-1,234.39152
555,1,12.13866,41,1,0,233.3595,21,233.88811,0,245.3341,-1,234.39152
556,1,12.13866,47,1,0,233.3595,13,233.88811,0,245.3341,-1,234.39152
557,1,12.13866,50,1,0,233.3595,22,233.88811,0,245.3341,-1,234.39152
558,1,12.13866,47,1,0,233.3595,26,233.88811,0,245.3341,-1,234.39152
559,1,12.13866,42,1,0,233.3595,15,233.88811,0,245.3341,-1,234.39152
560,1,12.13866,42,1,0,233.3595,26,233.88811,0,245.3341,-1,234.39152
561,1,12.13866,42,1,0,233.3595,4,233.88811,0,245.3341,-1,234.39152
562,1,12.13866,47,1,0,233.3595,25,233.88811,0,245.3341,-1,234.39152
563,1,12.13866,43,1,0,233.3595,21,233.88811,0,245.3341,-1,234.39152
564,1,12.13866,47,1,0,233.3595,20,233.88811,0,245.3341,-1,234.39152
565,1,12.13866,40,1,0,233.3595,1,233.88811,0,245.3341,-1,234.39152
566,1,12.13866,44,1,0,233.3595,8,233.88811,0,245.3341,-1,234.39152
567,1,12.13866,50,1,0,233.3595,25,233.88811,0,245.3341,-1,234.39152
568,1,12.13866,60,1,0,233.3595,2,233.88811,0,245.3341,-1,234.39152
569,1,12.13866,55,1,0,233.3595,24,233.88811,0,245.3341,-1,234.39152
570,1,12.13866,35,1,0,233.3595,4,233.88811,0,245.3341,-1,234.39152
571,1,12.13866,56,1,0,233.3595,1,233.88811,0,245.3341,-1,234.39152
572,1,12.13866,44,1,0,233.3595,27,233.88811,0,245.3341,-1,234.39152
573,1,12.13866,49,1,0,233.3595,21,233.88811,0,245.3341,-1,234.39152
574,1,12.13866,49,1,0,233.3595,1,233.88811,0,245.3341,-1,234.39152
575,1,12.13866,38,1,0,233.3595,1,233.88811,0,245.3341,-1,234.39152
576,1,12.13866,45,1,0,233.3595,25,233.88811,0,245.3341,-1,234.39152
577,1,12.13866,55,1,0,233.3595,7,233.88811,0,245.3341,-1,234.39152
578,1,12.13866,44,1,0,233.3595,26,233.88811,0,245.3341,-1,234.39152
579,1,12.13866,50,1,0,233.3595,1,233.88811,0,245.3341,-1,234.39152
580,1,12.13866,46,1,0,233.3595,14,233.88811,0,245.3341,-1,234.39152
581,1,12.13866,51,1,0,233.3595,25,233.88811,0,245.3341,-1,234.39152
582,1,12.13866,54,1,0,233.3595,25,233.88811,0,245.3341,-1,234.39152
583,1,12.13866,40,1,0,233.3595,23,233.88811,0,245.3341,-1,234.39152
584,1,12.13866,53,1,0,233.3595,15,233.88811,0,245.3341,-1,234.39152
585,1,12.13866,40,1,0,233.3595,4,233.88811,0,245.3341,-1,234.39152
586,1,12.13866,41,1,0,233.3595,18,233.88811,0,245.3341,-1,234.39152
587,1,12.13866,53,1,0,233.3595,26,233.88811,0,245.3341,-1,234.39152
588,1,12.13866,62,1,0,233.3595,26,233.88811,0,245.3341,-1,234.39152
589,1,12.13866,36,1,0,233.3595,25,233.88811,0,245.3341,-1,234.39152
590,1,12.13866,62,1,0,233.3595,18,233.88811,0,245.3341,-1,234.39152
591,1,12.13866,50,1,0,233.3595,15,233.88811,0,245.3341,-1,234.39152
592,1,12.13866,44,1,0,233.3595,5,233.88811,0,245.3341,-1,234.39152
593,1,12.13866,56,1,0,233.3595,19,233.88811,0,245.3341,-1,234.39152
594,1,12.13866,46,1,0,233.3595,25,233.88811,0,245.3341,-1,234.39152
595,1,12.13866,54,1,0,233.3595,19,233.88811,0,245.3341,-1,234.39152
596,1,12.13866,51,1,0,233.3595,13,233.88811,0,245.3341,-1,234.39152
597,1,12.13866,48,1,0,233.3595,4,233.88811,0,245.3341,-1,234.39152
598,1,12.13866,56,0,0,233.3595,1,233.88811,0,245.3341,-1,234.39152
599,1,12.13866,44,1,0,233.3595,25,233.88811,0,245.3341,-1,234.39152
600,1,12.13866,50,1,0,233.3595,17,233.88811,0,245.3341,-1,234.39152
601,1,12.13866,49,1,0,233.3595,1,233.88811,0,245.3341,-1,234.39152
602,1,12.13866,44,1,0,233.3595,20,233.88811,0,245.3341,-1,234.39152
603,1,12.13866,52,1,0,233.3595,25,233.88811,0,245.3341,-1,234.39152
604,1,12.13866,49,1,0,233.3595,25,233.88811,0,245.3341,-1,234.39152
605,1,12.13866,46,1,0,233.3595,25,233.88811,0,245.3341,-1,234.39152
606,1,12.13866,41,1,0,233.3595,25,233.88811,0,245.3341,-1,234.39152
607,1,12.13866,53,1,0,233.3595,14,233.88811,0,245.3341,-1,234.39152
608,1,12.13866,51,1,0,233.3595,6,233.88811,0,245.3341,-1,234.39152
609,1,12.13866,52,1,0,233.3595,8,233.88811,0,245.3341,-1,234.39152
610,1,12.13866,62,1,0,233.3595,1,233.88811,0,245.3341,-1,234.39152
611,1,12.13866,39,1,0,233.3595,1,233.88811,0,245.3341,-1,234.39152
612,1,12.13866,43,1,0,233.3595,25,233.88811,0,245.3341,-1,234.39152
613,1,12.13866,54,1,0,233.3595,1,233.88811,0,245.3341,-1,234.39152
614,1,12.13866,48,1,0,233.3595,1,233.88811,0,245.3341,-1,234.39152
615,1,12.13866,52,1,0,233.3595,1,233.88811,0,245.3341,-1,234.39152
616,1,12.13866,40,1,0,233.3595,15,233.88811,0,245.3341,-1,234.39152
617,1,12.13866,54,0,0,233.3595,20,233.88811,0,245.3341,-1,234.39152
618,1,12.13866,46,1,0,233.3595,26,233.88811,0,245.3341,-1,234.39152
619,1,12.13866,46,1,0,233.3595,1,233.88811,0,245.3341,-1,234.39152
620,1,12.13866,59,0,0,233.3595,19,233.88811,0,245.3341,-1,234.39152
621,1,12.13866,49,1,0,233.3595,26,233.88811,0,245.3341,-1,234.39152
622,1,12.13866,48,1,0,233.3595,14,233.88811,0,245.3341,-1,234.39152
623,1,12.13866,47,1,0,233.3595,26,233.88811,0,245.3341,-1,234.39152
624,1,12.13866,48,1,0,233.3595,3,233.88811,0,245.3341,-1,234.39152
625,1,12.13866,44,1,0,233.3595,23,233.88811,0,245.3341,-1,234.39152
626,1,12.13866,46,1,0,233.3595,3,233.88811,0,245.3341,-1,234.39152
627,1,12.13866,43,1,0,233.3595,7,233.88811,0,245.3341,-1,234.39152
628,1,12.13866,42,1,0,233.3595,1,233.88811,0,245.3341,-1,234.39152
629,1,12.13866,64,1,0,233.3595,24,233.88811,0,245.3341,-1,234.39152
630,1,12.13866,41,1,0,233.3595,16,233.88811,0,245.3341,-1,234.39152
631,1,12.13866,44,1,0,233.3595,21,233.88811,0,245.3341,-1,234.39152
632,1,12.13866,42,1,0,233.3595,25,233.88811,0,245.3341,-1,234.39152
633,1,12.13866,57,1,0,233.3595,14,233.88811,0,245.3341,-1,234.39152
634,1,12.13866,54,1,0,233.3595,6,233.88811,0,245.3341,-1,234.39152
635,1,12.13866,51,1,0,233.3595,25,233.88811,0,245.3341,-1,234.39152
636,1,12.13866,36,1,0,233.3595,25,233.88811,0,245.3341,-1,234.39152
637,1,12.13866,49,1,0,233.3595,20,233.88811,0,245.3341,-1,234.39152
638,1,12.13866,56,1,0,233.3595,25,233.88811,0,245.3341,-1,234.39152
639,1,12.13866,35,1,0,233.3595,27,233.88811,0,245.3341,-1,234.39152
640,1,12.13866,46,1,0,233.3595,25,233.88811,0,245.3341,-1,234.39152
641,1,12.13866,49,1,0,233.3595,25,233.88811,0,245.3341,-1,234.39152
642,1,12.13866,46,1,0,233.3595,26,233.88811,0,245.3341,-1,234.39152
643,1,12.13866,51,1,0,233.3595,1,233.88811,0,245.3341,-1,234.39152
644,1,12.13866,45,1,0,233.3595,16,233.88811,0,245.3341,-1,234.39152
645,1,12.13866,45,1,0,233.3595,14,233.88811,0,245.3341,-1,234.39152
646,1,12.13866,47,1,0,233.3595,17,233.88811,0,245.3341,-1,234.39152
647,1,12.13866,44,1,0,233.3595,26,233.88811,0,245.3341,-1,234.39152
648,1,12.13866,40,1,0,233.3595,1,233.88811,0,245.3341,-1,234.39152
649,1,12.13866,47,1,0,233.3595,25,233.88811,0,245.3341,-1,234.39152
650,1,12.13866,55,1,0,233.3595,28,233.88811,0,245.3341,-1,234.39152
651,1,12.13866,47,1,0,233.3595,26,233.88811,0,245.3341,-1,234.39152
652,1,12.13866,44,1,0,233.3595,1,233.88811,0,245.3341,-1,234.39152
653,1,12.13866,39,1,0,233.3595,1,233.88811,0,245.3341,-1,234.39152
654,1,12.13866,40,1,0,233.3595,1,233.88811,0,245.3341,-1,234.39152
655,1,12.13866,52,1,0,233.3595,20,233.88811,0,245.3341,-1,234.39152
656,1,12.13866,46,1,0,233.3595,3,233.88811,0,245.3341,-1,234.39152
657,1,12.13866,41,1,0,233.3595,19,233.88811,0,245.3341,-1,234.39152
658,1,12.13866,41,1,0,233.3595,4,233.88811,0,245.3341,-1,234.39152
659,1,12.13866,42,1,0,233.3595,22,233.88811,0,245.3341,-1,234.39152
660,1,12.13866,38,1,0,233.3595,1,233.88811,0,245.3341,-1,234.39152
661,1,12.13866,47,1,0,233.3595,15,233.88811,0,245.3341,-1,234.39152
662,1,12.13866,40,1,0,233.3595,1,233.88811,0,245.3341,-1,234.39152
663,1,12.13866,56,1,0,233.3595,26,233.88811,0,245.3341,-1,234.39152
664,1,12.13866,56,1,0,233.3595,25,233.88811,0,245.3341,-1,234.39152
665,1,12.13866,41,1,0,233.3595,1,233.88811,0,245.3341,-1,234.39152
666,1,12.13866,44,1,0,233.3595,14,233.88811,0,245.3341,-1,234.39152
667,1,12.13866,43,1,0,233.3595,16,233.88811,0,245.3341,-1,234.39152
668,1,12.13866,52,1,0,233.3595,26,233.88811,0,245.3341,-1,234.39152
669,1,12.13866,43,1,0,233.3595,23,233.88811,0,245.3341,-1,234.39152
670,1,12.13866,52,1,0,233.3595,20,233.88811,0,245.3341,-1,234.39152
671,1,12.13866,37,1,0,233.3595,28,233.88811,0,245.3341,-1,234.39152
672,1,12.13866,54,1,0,233.3595,18,233.88811,0,245.3341,-1,234.39152
673,1,12.13866,38,1,0,233.3595,26,233.88811,0,245.3341,-1,234.39152
674,1,12.13866,41,1,0,233.3595,25,233.88811,0,245.3341,-1,234.39152
675,1,12.13866,50,1,0,233.3595,15,233.88811,0,245.3341,-1,234.39152
676,1,12.13866,46,1,0,233.3595,19,233.88811,0,245.3341,-1,234.39152
677,1,12.13866,41,1,0,233.3595,25,233.88811,0,245.3341,-1,234.39152
678,1,12.13866,53,1,0,233.3595,7,233.88811,0,245.3341,-1,234.39152
679,1,12.13866,33,1,0,233.3595,13,233.88811,0,245.3341,-1,234.39152
680,1,12.13866,41,1,0,233.3595,1,233.88811,0,245.3341,-1,234.39152
681,1,12.13866,40,1,0,233.3595,25,233.88811,0,245.3341,-1,234.39152
682,1,12.13866,42,1,0,233.3595,19,233.88811,0,245.3341,-1,234.39152
683,1,12.13866,55,1,0,233.3595,25,233.88811,0,245.3341,-1,234.39152
684,1,12.13866,42,1,0,233.3595,25,233.88811,0,245.3341,-1,234.39152
685,1,12.13866,42,1,0,233.3595,21,233.88811,0,245.3341,-1,234.39152
686,1,12.13866,51,1,0,233.3595,11,233.88811,0,245.3341,-1,234.39152
687,1,12.13866,46,1,0,233.3595,14,233.88811,0,245.3341,-1,234.39152
688,1,12.13866,50,1,0,233.3595,17,233.88811,0,245.3341,-1,234.39152
689,1,12.13866,41,1,0,233.3595,19,233.88811,0,245.3341,-1,234.39152
690,1,12.13866,50,1,0,233.3595,25,233.88811,0,245.3341,-1,234.39152
691,1,12.13866,40,1,0,233.3595,5,233.88811,0,245.3341,-1,234.39152
692,1,12.13866,59,0,0,233.3595,26,233.88811,0,245.3341,-1,234.39152
693,1,12.13866,32,1,0,233.3595,1,233.88811,0,245.3341,-1,234.39152
694,1,12.13866,53,0,0,233.3595,25,233.88811,0,245.3341,-1,234.39152
695,1,12.13866,45,1,0,233.3595,1,233.88811,0,245.3341,-1,234.39152
696,1,12.13866,51,1,0,233.3595,27,233.88811,0,245.3341,-1,234.39152
697,1,12.13866,45,1,0,233.3595,20,233.88811,0,245.3341,-1,234.39152
698,1,12.13866,42,1,0,233.3595,21,233.88811,0,245.3341,-1,234.39152
699,1,12.13866,35,1,0,233.3595,2,233.88811,0,245.3341,-1,234.39152
700,1,12.13866,41,1,0,233.3595,1,233.88811,0,245.3341,-1,234.39152
701,1,12.13866,46,1,0,233.3595,22,233.88811,0,245.3341,-1,234.39152
702,1,12.13866,42,1,0,233.3595,25,233.88811,0,245.3341,-1,234.39152
703,1,12.13866,39,1,0,233.3595,14,233.88811,0,245.3341,-1,234.39152
704,1,12.13866,47,1,0,233.3595,26,233.88811,0,245.3341,-1,234.39152
705,1,12.13866,52,1,0,233.3595,20,233.88811,0,245.3341,-1,234.39152
706,1,12.13866,43,1,0,233.3595,21,233.88811,0,245.3341,-1,234.39152
707,1,12.13866,56,1,0,233.3595,25,233.88811,0,245.3341,-1,234.39152
708,1,12.13866,44,1,0,233.3595,1,233.88811,0,245.3341,-1,234.39152
709,1,12.13866,45,1,0,233.3595,1,233.88811,0,245.3341,-1,234.39152
710,1,12.13866,49,1,0,233.3595,25,233.88811,0,245.3341,-1,234.39152
711,1,12.13866,37,1,0,233.3595,26,233.88811,0,245.3341,-1,234.39152
712,1,12.13866,51,1,0,233.3595,25,233.88811,0,245.3341,-1,234.39152
713,1,12.13866,48,1,0,233.3595,21,233.88811,0,245.3341,-1,234.39152
714,1,12.13866,47,1,0,233.3595,1,233.88811,0,245.3341,-1,234.39152
715,1,12.13866,50,1,0,233.3595,23,233.88811,0,245.3341,-1,234.39152
716,1,12.13866,38,1,0,233.3595,3,233.88811,0,245.3341,-1,234.39152
717,1,12.13866,41,1,0,233.3595,3,233.88811,0,245.3341,-1,234.39152
718,1,12.13866,54,1,0,233.3595,18,233.88811,0,245.3341,-1,234.39152
719,1,12.13866,48,1,0,233.3595,1,233.88811,0,245.3341,-1,234.39152
720,1,12.13866,46,1,0,233.3595,5,233.88811,0,245.3341,-1,234.39152
721,1,12.13866,46,1,0,233.3595,1,233.88811,0,245.3341,-1,234.39152
722,1,12.13866,44,1,0,233.3595,4,233.88811,0,245.3341,-1,234.39152
723,1,12.13866,52,0,0,233.3595,4,233.88811,0,245.3341,-1,234.39152
724,1,12.13866,44,1,0,233.3595,25,233.88811,0,245.3341,-1,234.39152
725,1,12.13866,47,1,0,233.3595,1,233.88811,0,245.3341,-1,234.39152
726,1,12.13866,46,1,0,233.3595,18,233.88811,0,245.3341,-1,234.39152
727,1,12.13866,47,1,0,233.3595,1,233.88811,0,245.3341,-1,234.39152
728,1,12.13866,54,1,0,233.3595,3,233.88811,0,245.3341,-1,234.39152
729,1,12.13866,35,1,0,233.3595,26,233.88811,0,245.3341,-1,234.39152
730,1,12.13866,48,1,0,233.3595,3,233.88811,0,245.3341,-1,234.39152
731,1,12.13866,43,1,0,233.3595,24,233.88811,0,245.3341,-1,234.39152
732,1,12.13866,42,1,0,233.3595,1,233.88811,0,245.3341,-1,234.39152
733,1,12.13866,33,1,0,233.3595,1,233.88811,0,245.3341,-1,234.39152
734,1,12.13866,58,1,0,233.3595,1,233.88811,0,245.3341,-1,234.39152
735,1,12.13866,46,1,0,233.3595,25,233.88811,0,245.3341,-1,234.39152
736,1,12.13866,46,1,0,233.3595,9,233.88811,0,245.3341,-1,234.39152
737,1,12.13866,44,1,0,233.3595,25,233.88811,0,245.3341,-1,234.39152
738,1,12.13866,40,1,0,233.3595,18,233.88811,0,245.3341,-1,234.39152
739,1,12.13866,44,1,0,233.3595,3,233.88811,0,245.3341,-1,234.39152
740,1,12.13866,32,1,0,233.3595,25,233.88811,0,245.3341,-1,234.39152
741,1,12.13866,47,1,0,233.3595,25,233.88811,0,245.3341,-1,234.39152
742,1,12.13866,57,1,0,233.3595,25,233.88811,0,245.3341,-1,234.39152
743,1,12.13866,49,1,0,233.3595,25,233.88811,0,245.3341,-1,234.39152
744,1,12.13866,44,1,0,233.3595,26,233.88811,0,245.3341,-1,234.39152
745,1,12.13866,39,1,0,233.3595,19,233.88811,0,245.3341,-1,234.39152
746,1,12.13866,55,1,0,233.3595,25,233.88811,0,245.3341,-1,234.39152
747,1,12.13866,32,1,0,233.3595,1,233.88811,0,245.3341,-1,234.39152
748,1,12.13866,41,1,0,233.3595,25,233.88811,0,245.3341,-1,234.39152
749,1,12.13866,48,1,0,233.3595,25,233.88811,0,245.3341,-1,234.39152
750,1,12.13866,37,1,0,233.3595,25,233.88811,0,245.3341,-1,234.39152
751,1,12.13866,40,1,0,233.3595,25,233.88811,0,245.3341,-1,234.39152
752,1,12.13866,34,1,0,233.3595,26,233.88811,0,245.3341,-1,234.39152
753,1,12.13866,42,1,0,233.3595,2,233.88811,0,245.3341,-1,234.39152
754,1,12.13866,43,1,0,233.3595,28,233.88811,0,245.3341,-1,234.39152
755,1,12.13866,51,1,0,233.3595,4,233.88811,0,245.3341,-1,234.39152
756,1,12.13866,48,1,0,233.3595,5,233.88811,0,245.3341,-1,234.39152
757,1,12.13866,37,1,0,233.3595,24,233.88811,0,245.3341,-1,234.39152
758,1,12.13866,36,1,0,233.3595,6,233.88811,0,245.3341,-1,234.39152
759,1,12.13866,56,1,0,233.3595,1,233.88811,0,245.3341,-1,234.39152
760,1,12.13866,44,1,0,233.3595,28,233.88811,0,245.3341,-1,234.39152
761,1,12.13866,57,1,0,233.3595,1,233.88811,0,245.3341,-1,234.39152
762,1,12.13866,41,1,0,233.3595,25,233.88811,0,245.3341,-1,234.39152
763,1,12.13866,58,0,0,233.3595,25,233.88811,0,245.3341,-1,234.39152
764,1,12.13866,46,1,0,233.3595,8,233.88811,0,245.3341,-1,234.39152
765,1,12.13866,37,1,0,233.3595,20,233.88811,0,245.3341,-1,234.39152
766,1,12.13866,59,1,0,233.3595,1,233.88811,0,245.3341,-1,234.39152
767,1,12.13866,56,1,0,233.3595,1,233.88811,0,245.3341,-1,234.39152
768,1,12.13866,47,1,0,233.3595,14,233.88811,0,245.3341,-1,234.39152
769,1,12.13866,55,1,0,233.3595,25,233.88811,0,245.3341,-1,234.39152
770,1,12.13866,49,1,0,233.3595,1,233.88811,0,245.3341,-1,234.39152
771,1,12.13866,45,1,0,233.3595,28,233.88811,0,245.3341,-1,234.39152
772,1,12.13866,50,1,0,233.3595,11,233.88811,0,245.3341,-1,234.39152
773,1,12.13866,40,1,0,233.3595,1,233.88811,0,245.3341,-1,234.39152
774,1,12.13866,56,0,0,233.3595,2,233.88811,0,245.3341,-1,234.39152
775,1,12.13866,53,1,0,233.3595,24,233.88811,0,245.3341,-1,234.39152
776,1,12.13866,51,1,0,233.3595,25,233.88811,0,245.3341,-1,234.39152
777,1,12.13866,47,1,0,233.3595,1,233.88811,0,245.3341,-1,234.39152
778,1,12.13866,46,1,0,233.3595,14,233.88811,0,245.3341,-1,234.39152
779,1,12.13866,54,1,0,233.3595,25,233.88811,0,245.3341,-1,234.39152
780,1,12.13866,33,1,0,233.3595,20,233.88811,0,245.3341,-1,234.39152
781,1,12.13866,41,1,0,233.3595,18,233.88811,0,245.3341,-1,234.39152
782,1,12.13866,35,1,0,233.3595,1,233.88811,0,245.3341,-1,234.39152
783,1,12.13866,38,1,0,233.3595,4,233.88811,0,245.3341,-1,234.39152
784,1,12.13866,45,1,0,233.3595,26,233.88811,0,245.3341,-1,234.39152
785,1,12.13866,50,1,0,233.3595,28,233.88811,0,245.3341,-1,234.39152
786,1,12.13866,39,1,0,233.3595,27,233.88811,0,245.3341,-1,234.39152
787,1,12.13866,58,1,0,233.3595,9,233.88811,0,245.3341,-1,234.39152
788,1,12.13866,59,1,0,233.3595,19,233.88811,0,245.3341,-1,234.39152
789,1,12.13866,47,1,0,233.3595,1,233.88811,0,245.3341,-1,234.39152
790,1,12.13866,50,1,0,233.3595,1,233.88811,0,245.3341,-1,234.39152
791,1,12.13866,46,1,0,233.3595,1,233.88811,0,245.3341,-1,234.39152
792,1,12.13866,41,1,0,233.3595,27,233.88811,0,245.3341,-1,234.39152
793,1,12.13866,36,1,0,233.3595,1,233.88811,0,245.3341,-1,234.39152
794,1,12.13866,40,1,0,233.3595,14,233.88811,0,245.3341,-1,234.39152
795,1,12.13866,43,1,0,233.3595,0,233.88811,0,245.3341,-1,234.39152
796,1,12.13866,51,1,0,233.3595,19,233.88811,0,245.3341,-1,234.39152
797,1,12.13866,49,1,0,233.3595,11,233.88811,0,245.3341,-1,234.39152
798,1,12.13866,45,1,0,233.3595,23,233.88811,0,245.3341,-1,234.39152
799,1,12.13866,46,1,0,233.3595,1,233.88811,0,245.3341,-1,234.39152
800,2,12.13866,69,0,0,233.3595,18,233.88811,0,245.3341,-1,234.39152
801,2,12.13866,50,0,0,233.3595,25,233.88811,0,245.3341,-1,234.39152
802,2,12.13866,64,0,0,233.3595,25,233.88811,0,245.3341,-1,234.39152
803,2,12.13866,67,0,0,233.3595,11,233.88811,0,245.3341,-1,234.39152
804,2,12.13866,78,0,0,233.3595,1,233.88811,0,245.3341,-1,234.39152
805,2,12.13866,72,0,0,233.3595,25,233.88811,0,245.3341,-1,234.39152
806,2,12.13866,74,0,0,233.3595,25,233.88811,0,245.3341,-1,234.39152
807,2,12.13866,69,0,0,233.3595,20,233.88811,0,245.3341,-1,234.39152
808,2,12.13866,55,0,0,233.3595,7,233.88811,0,245.3341,-1,234.39152
809,2,12.13866,76,0,0,233.3595,28,233.88811,0,245.3341,-1,234.39152
810,2,12.13866,49,0,0,233.3595,25,233.88811,0,245.3341,-1,234.39152
811,2,12.13866,56,0,0,233.3595,1,233.88811,0,245.3341,-1,234.39152
812,2,12.13866,73,0,0,233.3595,4,233.88811,0,245.3341,-1,234.39152
813,2,12.13866,60,0,0,233.3595,3,233.88811,0,245.3341,-1,234.39152
814,2,12.13866,60,0,0,233.3595,25,233.88811,0,245.3341,-1,234.39152
815,2,12.13866,61,0,0,233.3595,24,233.88811,0,245.3341,-1,234.39152
816,2,12.13866,78,0,0,233.3595,1,233.88811,0,245.3341,-1,234.39152
817,2,12.13866,70,0,0,233.3595,28,233.88811,0,245.3341,-1,234.39152
818,2,12.13866,65,1,0,233.3595,1,233.88811,0,245.3341,-1,234.39152
819,2,12.13866,66,0,0,233.3595,25,233.88811,0,245.3341,-1,234.39152
820,2,12.13866,65,0,0,233.3595,21,233.88811,0,245.3341,-1,234.39152
821,2,12.13866,59,0,0,233.3595,11,233.88811,0,245.3341,-1,234.39152
822,2,12.13866,68,0,0,233.3595,3,233.88811,0,245.3341,-1,234.39152
823,2,12.13866,61,0,0,233.3595,1,233.88811,0,245.3341,-1,234.39152
824,2,12.13866,53,0,0,233.3595,3,233.88811,0,245.3341,-1,234.39152
825,2,12.13866,53,0,0,233.3595,21,233.88811,0,245.3341,-1,234.39152
826,2,12.13866,60,2,0,233.3595,27,233.88811,0,245.3341,-1,234.39152
827,2,12.13866,77,0,0,233.3595,15,233.88811,0,245.3341,-1,234.39152
828,2,12.13866,62,0,0,233.3595,25,233.88811,0,245.3341,-1,234.39152
829,2,12.13866,65,0,0,233.3595,1,233.88811,0,245.3341,-1,234.39152
830,2,12.13866,61,0,0,233.3595,21,233.88811,0,245.3341,-1,234.39152
831,2,12.13866,65,0,0,233.3595,22,233.88811,0,245.3341,-1,234.39152
832,2,12.13866,60,0,0,233.3595,25,233.88811,0,245.3341,-1,234.39152
833,2,12.13866,70,0,0,233.3595,25,233.88811,0,245.3341,-1,234.39152
834,2,12.13866,73,0,0,233.3595,25,233.88811,0,245.3341,-1,234.39152
835,2,12.13866,64,0,0,233.3595,11,233.88811,0,245.3341,-1,234.39152
836,2,12.13866,57,0,0,233.3595,27,233.88811,0,245.3341,-1,234.39152
837,2,12.13866,70,1,0,233.3595,26,233.88811,0,245.3341,-1,234.39152
838,2,12.13866,56,0,0,233.3595,1,233.88811,0,245.3341,-1,234.39152
839,2,12.13866,67,0,0,233.3595,23,233.88811,0,245.3341,-1,234.39152
840,2,12.13866,65,0,0,233.3595,23,233.88811,0,245.3341,-1,234.39152
841,2,12.13866,75,0,0,233.3595,4,233.88811,0,245.3341,-1,234.39152
842,2,12.13866,62,0,0,233.3595,18,233.88811,0,245.3341,-1,234.39152
843,2,12.13866,67,0,0,233.3595,11,233.88811,0,245.3341,-1,234.39152
844,2,12.13866,58,0,0,233.3595,25,233.88811,0,245.3341,-1,234.39152
845,2,12.13866,82,0,0,233.3595,27,233.88811,0,245.3341,-1,234.39152
846,2,12.13866,66,0,0,233.3595,25,233.88811,0,245.3341,-1,234.39152
847,2,12.13866,65,0,0,233.3595,1,233.88811,0,245.3341,-1,234.39152
848,2,12.13866,84,0,0,233.3595,28,233.88811,0,245.3341,-1,234.39152
849,2,12.13866,59,0,0,233.3595,2,233.88811,0,245.3341,-1,234.39152
850,2,12.13866,62,0,0,233.3595,9,233.88811,0,245.3341,-1,234.39152
851,2,12.13866,50,1,0,233.3595,4,233.88811,0,245.3341,-1,234.39152
852,2,12.13866,67,0,0,233.3595,25,233.88811,0,245.3341,-1,234.39152
853,2,12.13866,59,1,0,233.3595,7,233.88811,0,245.3341,-1,234.39152
854,2,12.13866,52,1,0,233.3595,1,233.88811,0,245.3341,-1,234.39152
855,2,12.13866,70,0,0,233.3595,25,233.88811,0,245.3341,-1,234.39152
856,2,12.13866,58,0,0,233.3595,1,233.88811,0,245.3341,-1,234.39152
857,2,12.13866,58,0,0,233.3595,25,233.88811,0,245.3341,-1,234.39152
858,2,12.13866,47,1,0,233.3595,19,233.88811,0,245.3341,-1,234.39152
859,2,12.13866,67,0,0,233.3595,1,233.88811,0,245.3341,-1,234.39152
860,2,12.13866,59,0,0,233.3595,25,233.88811,0,245.3341,-1,234.39152
861,2,12.13866,80,0,0,233.3595,3,233.88811,0,245.3341,-1,234.39152
862,2,12.13866,85,0,0,233.3595,28,233.88811,0,245.3341,-1,234.39152
863,2,12.13866,61,0,0,233.3595,18,233.88811,0,245.3341,-1,234.39152
864,2,12.13866,69,0,0,233.3595,11,233.88811,0,245.3341,-1,234.39152
865,2,12.13866,66,0,0,233.3595,15,233.88811,0,245.3341,-1,234.39152
866,2,12.13866,69,0,0,233.3595,26,233.88811,0,245.3341,-1,234.39152
867,2,12.13866,72,0,0,233.3595,3,233.88811,0,245.3341,-1,234.39152
868,2,12.13866,71,0,0,233.3595,3,233.88811,0,245.3341,-1,234.39152
869,2,12.13866,68,0,0,233.3595,1,233.88811,0,245.3341,-1,234.39152
870,2,12.13866,63,0,0,233.3595,26,233.88811,0,245.3341,-1,234.39152
871,2,12.13866,64,0,0,233.3595,3,233.88811,0,245.3341,-1,234.39152
872,2,12.13866,52,0,0,233.3595,11,233.88811,0,245.3341,-1,234.39152
873,2,12.13866,63,0,0,233.3595,18,233.88811,0,245.3341,-1,234.39152
874,2,12.13866,63,0,0,233.3595,3,233.88811,0,245.3341,-1,234.39152
875,2,12.13866,67,0,0,233.3595,25,233.88811,0,245.3341,-1,234.39152
876,2,12.13866,76,0,0,233.3595,25,233.88811,0,245.3341,-1,234.39152
877,2,12.13866,64,0,0,233.3595,1,233.88811,0,245.3341,-1,234.39152
878,2,12.13866,56,0,0,233.3595,27,233.88811,0,245.3341,-1,234.39152
879,2,12.13866,67,0,0,233.3595,18,233.88811,0,245.3341,-1,234.39152
880,2,12.13866,58,0,0,233.3595,25,233.88811,0,245.3341,-1,234.39152
881,2,12.13866,62,0,0,233.3595,1,233.88811,0,245.3341,-1,234.39152
882,2,12.13866,61,1,0,233.3595,25,233.88811,0,245.3341,-1,234.39152
883,2,12.13866,62,0,0,233.3595,1,233.88811,0,245.3341,-1,234.39152
884,2,12.13866,54,0,0,233.3595,1,233.88811,0,245.3341,-1,234.39152
885,2,12.13866,55,0,0,233.3595,0,233.88811,0,245.3341,-1,234.39152
886,2,12.13866,68,0,0,233.3595,2,233.88811,0,245.3341,-1,234.39152
887,2,12.13866,66,0,0,233.3595,13,233.88811,0,245.3341,-1,234.39152
888,2,12.13866,52,1,1,233.3595,12,233.88811,1,245.3341,-1,234.39152
889,2,12.13866,59,0,0,233.3595,1,233.88811,0,245.3341,-1,234.39152
890,2,12.13866,51,1,0,233.3595,28,233.88811,0,245.3341,-1,234.39152
891,2,12.13866,80,0,0,233.3595,26,233.88811,0,245.3341,-1,234.39152
892,2,12.13866,60,0,0,233.3595,22,233.88811,0,245.3341,-1,234.39152
893,2,12.13866,70,0,0,233.3595,13,233.88811,0,245.3341,-1,234.39152
894,2,12.13866,66,0,0,233.3595,19,233.88811,0,245.3341,-1,234.39152
895,2,12.13866,57,0,0,233.3595,1,233.88811,0,245.3341,-1,234.39152
896,2,12.13866,72,0,0,233.3595,25,233.88811,0,245.3341,-1,234.39152
897,2,12.13866,64,0,0,233.3595,5,233.88811,0,245.3341,-1,234.39152
898,2,12.13866,51,0,0,233.3595,1,233.88811,0,245.3341,-1,234.39152
899,2,12.13866,66,0,0,233.3595,5,233.88811,0,245.3341,-1,234.39152
900,2,12.13866,70,0,0,233.3595,20,233.88811,0,245.3341,-1,234.39152
901,2,12.13866,67,0,0,233.3595,1,233.88811,0,245.3341,-1,234.39152
902,2,12.13866,71,0,0,233.3595,26,233.88811,0,245.3341,-1,234.39152
903,2,12.13866,60,0,0,233.3595,25,233.88811,0,245.3341,-1,234.39152
904,2,12.13866,63,0,0,233.3595,1,233.88811,0,245.3341,-1,234.39152
905,2,12.13866,47,1,0,233.3595,1,233.88811,0,245.3341,-1,234.39152
906,2,12.13866,57,0,0,233.3595,1,233.88811,0,245.3341,-1,234.39152
907,2,12.13866,67,0,0,233.3595,14,233.88811,0,245.3341,-1,234.39152
908,2,12.13866,76,1,0,233.3595,22,233.88811,0,245.3341,-1,234.39152
909,2,12.13866,54,0,0,233.3595,1,233.88811,0,245.3341,-1,234.39152
910,2,12.13866,74,0,0,233.3595,0,233.88811,0,245.3341,-1,234.39152
911,2,12.13866,61,1,0,233.3595,20,233.88811,0,245.3341,-1,234.39152
912,2,12.13866,58,0,0,233.3595,1,233.88811,0,245.3341,-1,234.39152
913,2,12.13866,59,0,0,233.3595,5,233.88811,0,245.3341,-1,234.39152
914,2,12.13866,71,0,0,233.3595,19,233.88811,0,245.3341,-1,234.39152
915,2,12.13866,64,0,0,233.3595,25,233.88811,0,245.3341,-1,234.39152
916,2,12.13866,69,0,0,233.3595,28,233.88811,0,245.3341,-1,234.39152
917,2,12.13866,71,0,0,233.3595,24,233.88811,0,245.3341,-1,234.39152
918,2,12.13866,65,0,0,233.3595,7,233.88811,0,245.3341,-1,234.39152
919,2,12.13866,68,0,0,233.3595,8,233.88811,0,245.3341,-1,234.39152
920,2,12.13866,68,0,0,233.3595,25,233.88811,0,245.3341,-1,234.39152
921,2,12.13866,65,0,0,233.3595,1,233.88811,0,245.3341,-1,234.39152
922,2,12.13866,59,0,0,233.3595,7,233.88811,0,245.3341,-1,234.39152
923,2,12.13866,56,0,0,233.3595,1,233.88811,0,245.3341,-1,234.39152
924,2,12.13866,58,0,0,233.3595,25,233.88811,0,245.3341,-1,234.39152
925,2,12.13866,54,0,0,233.3595,28,233.88811,0,245.3341,-1,234.39152
926,2,12.13866,64,0,0,233.3595,28,233.88811,0,245.3341,-1,234.39152
927,2,12.13866,52,2,0,233.3595,7,233.88811,0,245.3341,-1,234.39152
928,2,12.13866,64,0,0,233.3595,8,233.88811,0,245.3341,-1,234.39152
929,2,12.13866,58,1,0,233.3595,25,233.88811,0,245.3341,-1,234.39152
930,2,12.13866,60,0,0,233.3595,3,233.88811,0,245.3341,-1,234.39152
931,2,12.13866,59,0,0,233.3595,4,233.88811,0,245.3341,-1,234.39152
932,2,12.13866,57,0,0,233.3595,25,233.88811,0,245.3341,-1,234.39152
933,2,12.13866,76,0,0,233.3595,25,233.88811,0,245.3341,-1,234.39152
934,2,12.13866,82,0,0,233.3595,26,233.88811,0,245.3341,-1,234.39152
935,2,12.13866,66,0,0,233.3595,4,233.88811,0,245.3341,-1,234.39152
936,2,12.13866,73,0,0,233.3595,25,233.88811,0,245.3341,-1,234.39152
937,2,12.13866,73,0,0,233.3595,1,233.88811,0,245.3341,-1,234.39152
938,2,12.13866,66,0,0,233.3595,19,233.88811,0,245.3341,-1,234.39152
939,2,12.13866,53,0,0,233.3595,27,233.88811,0,245.3341,-1,234.39152
940,2,12.13866,58,0,0,233.3595,25,233.88811,0,245.3341,-1,234.39152
941,2,12.13866,60,0,0,233.3595,25,233.88811,0,245.3341,-1,234.39152
942,2,12.13866,61,0,0,233.3595,1,233.88811,0,245.3341,-1,234.39152
943,2,12.13866,64,0,0,233.3595,22,233.88811,0,245.3341,-1,234.39152
944,2,12.13866,58,0,0,233.3595,24,233.88811,0,245.3341,-1,234.39152
945,2,12.13866,63,0,0,233.3595,1,233.88811,0,245.3341,-1,234.39152
946,2,12.13866,61,0,0,233.3595,0,233.88811,0,245.3341,-1,234.39152
947,2,12.13866,58,0,0,233.3595,11,233.88811,0,245.3341,-1,234.39152
948,2,12.13866,53,1,0,233.3595,25,233.88811,0,245.3341,-1,234.39152
949,2,12.13866,63,0,0,233.3595,1,233.88811,0,245.3341,-1,234.39152
950,2,12.13866,58,0,0,233.3595,1,233.88811,0,245.3341,-1,234.39152
951,2,12.13866,73,0,0,233.3595,28,233.88811,0,245.3341,-1,234.39152
952,2,12.13866,63,0,0,233.3595,4,233.88811,0,245.3341,-1,234.39152
953,2,12.13866,67,0,0,233.3595,16,233.88811,0,245.3341,-1,234.39152
954,2,12.13866,62,0,0,233.3595,25,233.88811,0,245.3341,-1,234.39152
955,2,12.13866,65,0,0,233.3595,3,233.88811,0,245.3341,-1,234.39152
956,2,12.13866,57,0,0,233.3595,1,233.88811,0,245.3341,-1,234.39152
957,2,12.13866,69,0,0,233.3595,25,233.88811,0,245.3341,-1,234.39152
958,2,12.13866,78,0,0,233.3595,9,233.88811,0,245.3341,-1,234.39152
959,2,12.13866,68,0,0,233.3595,28,233.88811,0,245.3341,-1,234.39152
960,2,12.13866,68,0,0,233.3595,13,233.88811,0,245.3341,-1,234.39152
961,2,12.13866,67,0,0,233.3595,28,233.88811,0,245.3341,-1,234.39152
962,2,12.13866,60,0,0,233.3595,21,233.88811,0,245.3341,-1,234.39152
963,2,12.13866,62,0,0,233.3595,16,233.88811,0,245.3341,-1,234.39152
964,2,12.13866,69,0,0,233.3595,26,233.88811,0,245.3341,-1,234.39152
965,2,12.13866,52,1,0,233.3595,1,233.88811,0,245.3341,-1,234.39152
966,2,12.13866,72,0,0,233.3595,1,233.88811,0,245.3341,-1,234.39152
967,2,12.13866,61,0,0,233.3595,16,233.88811,0,245.3341,-1,234.39152
968,2,12.13866,60,0,0,233.3595,1,233.88811,0,245.3341,-1,234.39152
969,2,12.13866,66,0,0,233.3595,26,233.88811,0,245.3341,-1,234.39152
970,2,12.13866,53,0,0,233.3595,1,233.88811,0,245.3341,-1,234.39152
971,2,12.13866,48,1,0,233.3595,22,233.88811,0,245.3341,-1,234.39152
972,2,12.13866,63,1,0,233.3595,7,233.88811,0,245.3341,-1,234.39152
973,2,12.13866,61,0,0,233.3595,26,233.88811,0,245.3341,-1,234.39152
974,2,12.13866,59,0,0,233.3595,26,233.88811,0,245.3341,-1,234.39152
975,2,12.13866,72,0,0,233.3595,25,233.88811,0,245.3341,-1,234.39152
976,2,12.13866,56,0,0,233.3595,26,233.88811,0,245.3341,-1,234.39152
977,2,12.13866,73,0,0,233.3595,14,233.88811,0,245.3341,-1,234.39152
978,2,12.13866,65,0,0,233.3595,25,233.88811,0,245.3341,-1,234.39152
979,2,12.13866,60,0,0,233.3595,26,233.88811,0,245.3341,-1,234.39152
980,2,12.13866,60,0,0,233.3595,15,233.88811,0,245.3341,-1,234.39152
981,2,12.13866,69,0,0,233.3595,25,233.88811,0,245.3341,-1,234.39152
982,2,12.13866,56,0,0,233.3595,3,233.88811,0,245.3341,-1,234.39152
983,2,12.13866,63,0,0,233.3595,26,233.88811,0,245.3341,-1,234.39152
984,2,12.13866,63,1,0,233.3595,1,233.88811,0,245.3341,-1,234.39152
985,2,12.13866,60,0,0,233.3595,26,233.88811,0,245.3341,-1,234.39152
986,2,12.13866,71,0,0,233.3595,25,233.88811,0,245.3341,-1,234.39152
987,2,12.13866,56,1,0,233.3595,19,233.88811,0,245.3341,-1,234.39152
988,2,12.13866,59,0,0,233.3595,28,233.88811,0,245.3341,-1,234.39152
989,2,12.13866,78,0,0,233.3595,26,233.88811,0,245.3341,-1,234.39152
990,2,12.13866,55,2,0,233.3595,1,233.88811,0,245.3341,-1,234.39152
991,2,12.13866,73,0,0,233.3595,28,233.88811,0,245.3341,-1,234.39152
992,2,12.13866,59,0,0,233.3595,13,233.88811,0,245.3341,-1,234.39152
993,2,12.13866,68,0,0,233.3595,28,233.88811,0,245.3341,-1,234.39152
994,2,12.13866,59,1,0,233.3595,25,233.88811,0,245.3341,-1,234.39152
995,2,12.13866,71,0,0,233.3595,23,233.88811,0,245.3341,-1,234.39152
996,2,12.13866,60,0,0,233.3595,9,233.88811,0,245.3341,-1,234.39152
997,2,12.13866,65,0,0,233.3595,26,233.88811,0,245.3341,-1,234.39152
998,2,12.13866,70,0,0,233.3595,28,233.88811,0,245.3341,-1,234.39152
999,2,12.13866,66,1,0,233.3595,0,233.88811,0,245.3341,-1,234.39152
1000,2,12.13866,63,0,0,233.3595,1,233.88811,0,245.3341,-1,234.39152
1001,2,12.13866,70,0,0,233.3595,25,233.88811,0,245.3341,-1,234.39152
1002,2,12.13866,69,0,0,233.3595,23,233.88811,0,245.3341,-1,234.39152
1003,2,12.13866,68,0,0,233.3595,1,233.88811,0,245.3341,-1,234.39152
1004,2,12.13866,60,0,0,233.3595,28,233.88811,0,245.3341,-1,234.39152
1005,2,12.13866,59,1,0,233.3595,27,233.88811,0,245.3341,-1,234.39152
1006,2,12.13866,56,0,0,233.3595,4,233.88811,0,245.3341,-1,234.39152
1007,2,12.13866,79,0,0,233.3595,26,233.88811,0,245.3341,-1,234.39152
1008,2,12.13866,74,0,0,233.3595,26,233.88811,0,245.3341,-1,234.39152
1009,2,12.13866,52,1,0,233.3595,4,233.88811,0,245.3341,-1,234.39152
1010,2,12.13866,60,0,0,233.3595,26,233.88811,0,245.3341,-1,234.39152
1011,2,12.13866,66,1,0,233.3595,16,233.88811,0,245.3341,-1,234.39152
1012,2,12.13866,64,0,0,233.3595,25,233.88811,0,245.3341,-1,234.39152
1013,2,12.13866,71,0,0,233.3595,26,233.88811,0,245.3341,-1,234.39152
1014,2,12.13866,66,0,0,233.3595,0,233.88811,0,245.3341,-1,234.39152
1015,2,12.13866,64,0,0,233.3595,1,233.88811,0,245.3341,-1,234.39152
1016,2,12.13866,60,1,0,233.3595,1,233.88811,0,245.3341,-1,234.39152
1017,2,12.13866,46,2,0,233.3595,25,233.88811,0,245.3341,-1,234.39152
1018,2,12.13866,75,0,0,233.3595,1,233.88811,0,245.3341,-1,234.39152
1019,2,12.13866,72,0,0,233.3595,25,233.88811,0,245.3341,-1,234.39152
1020,2,12.13866,54,0,0,233.3595,20,233.88811,0,245.3341,-1,234.39152
1021,2,12.13866,58,0,0,233.3595,18,233.88811,0,245.3341,-1,234.39152
1022,2,12.13866,68,0,0,233.3595,28,233.88811,0,245.3341,-1,234.39152
1023,2,12.13866,56,0,0,233.3595,14,233.88811,0,245.3341,-1,234.39152
1024,2,12.13866,65,0,0,233.3595,19,233.88811,0,245.3341,-1,234.39152
1025,2,12.13866,65,0,0,233.3595,1,233.88811,0,245.3341,-1,234.39152
1026,2,12.13866,72,0,0,233.3595,25,233.88811,0,245.3341,-1,234.39152
1027,2,12.13866,65,0,0,233.3595,21,233.88811,0,245.3341,-1,234.39152
1028,2,12.13866,59,2,0,233.3595,4,233.88811,0,245.3341,-1,234.39152
1029,2,12.13866,65,0,0,233.3595,1,233.88811,0,245.3341,-1,234.39152
1030,2,12.13866,63,0,0,233.3595,1,233.88811,0,245.3341,-1,234.39152
1031,2,12.13866,66,0,0,233.3595,25,233.88811,0,245.3341,-1,234.39152
1032,2,12.13866,59,0,0,233.3595,1,233.88811,0,245.3341,-1,234.39152
1033,2,12.13866,59,0,0,233.3595,28,233.88811,0,245.3341,-1,234.39152
1034,2,12.13866,75,0,0,233.3595,5,233.88811,0,245.3341,-1,234.39152
1035,2,12.13866,67,1,0,233.3595,2,233.88811,0,245.3341,-1,234.39152
1036,2,12.13866,57,0,0,233.3595,9,233.88811,0,245.3341,-1,234.39152
1037,2,12.13866,56,0,0,233.3595,1,233.88811,0,245.3341,-1,234.39152
1038,2,12.13866,70,0,0,233.3595,22,233.88811,0,245.3341,-1,234.39152
1039,2,12.13866,73,0,0,233.3595,23,233.88811,0,245.3341,-1,234.39152
1040,2,12.13866,45,1,0,233.3595,3,233.88811,0,245.3341,-1,234.39152
1041,2,12.13866,65,0,0,233.3595,25,233.88811,0,245.3341,-1,234.39152
1042,2,12.13866,63,0,0,233.3595,1,233.88811,0,245.3341,-1,234.39152
1043,2,12.13866,68,0,0,233.3595,1,233.88811,0,245.3341,-1,234.39152
1044,2,12.13866,58,1,0,233.3595,15,233.88811,0,245.3341,-1,234.39152
1045,2,12.13866,62,0,0,233.3595,3,233.88811,0,245.3341,-1,234.39152
1046,2,12.13866,70,0,0,233.3595,25,233.88811,0,245.3341,-1,234.39152
1047,2,12.13866,56,0,0,233.3595,16,233.88811,0,245.3341,-1,234.39152
1048,2,12.13866,74,0,0,233.3595,19,233.88811,0,245.3341,-1,234.39152
1049,2,12.13866,71,0,0,233.3595,28,233.88811,0,245.3341,-1,234.39152
1050,2,12.13866,81,0,0,233.3595,25,233.88811,0,245.3341,-1,234.39152
1051,2,12.13866,57,0,0,233.3595,19,233.88811,0,245.3341,-1,234.39152
1052,2,12.13866,61,2,0,233.3595,3,233.88811,0,245.3341,-1,234.39152
1053,2,12.13866,81,0,0,233.3595,25,233.88811,0,245.3341,-1,234.39152
1054,2,12.13866,50,0,0,233.3595,14,233.88811,0,245.3341,-1,234.39152
1055,2,12.13866,61,0,0,233.3595,26,233.88811,0,245.3341,-1,234.39152
1056,2,12.13866,78,0,0,233.3595,25,233.88811,0,245.3341,-1,234.39152
1057,2,12.13866,53,0,0,233.3595,19,233.88811,0,245.3341,-1,234.39152
1058,2,12.13866,67,0,0,233.3595,28,233.88811,0,245.3341,-1,234.39152
1059,2,12.13866,79,0,0,233.3595,8,233.88811,0,245.3341,-1,234.39152
1060,2,12.13866,70,1,0,233.3595,2,233.88811,0,245.3341,-1,234.39152
1061,2,12.13866,64,2,0,233.3595,13,233.88811,0,245.3341,-1,234.39152
1062,2,12.13866,63,0,0,233.3595,25,233.88811,0,245.3341,-1,234.39152
1063,2,12.13866,66,0,0,233.3595,7,233.88811,0,245.3341,-1,234.39152
1064,2,12.13866,73,0,0,233.3595,0,233.88811,0,245.3341,-1,234.39152
1065,2,12.13866,70,0,0,233.3595,1,233.88811,0,245.3341,-1,234.39152
1066,2,12.13866,57,0,0,233.3595,26,233.88811,0,245.3341,-1,234.39152
1067,2,12.13866,50,0,0,233.3595,25,233.88811,0,245.3341,-1,234.39152
1068,2,12.13866,76,0,0,233.3595,5,233.88811,0,245.3341,-1,234.39152
1069,2,12.13866,56,0,0,233.3595,9,233.88811,0,245.3341,-1,234.39152
1070,2,12.13866,52,0,0,233.3595,8,233.88811,0,245.3341,-1,234.39152
1071,2,12.13866,71,0,0,233.3595,25,233.88811,0,245.3341,-1,234.39152
1072,2,12.13866,69,0,0,233.3595,25,233.88811,0,245.3341,-1,234.39152
1073,2,12.13866,61,0,0,233.3595,25,233.88811,0,245.3341,-1,234.39152
1074,2,12.13866,56,0,0,233.3595,1,233.88811,0,245.3341,-1,234.39152
1075,2,12.13866,70,0,0,233.3595,19,233.88811,0,245.3341,-1,234.39152
1076,2,12.13866,63,0,0,233.3595,26,233.88811,0,245.3341,-1,234.39152
1077,2,12.13866,62,0,0,233.3595,26,233.88811,0,245.3341,-1,234.39152
1078,2,12.13866,83,0,0,233.3595,25,233.88811,0,245.3341,-1,234.39152
1079,2,12.13866,52,0,0,233.3595,21,233.88811,0,245.3341,-1,234.39152
1080,2,12.13866,66,0,0,233.3595,1,233.88811,0,245.3341,-1,234.39152
1081,2,12.13866,67,0,0,233.3595,4,233.88811,0,245.3341,-1,234.39152
1082,2,12.13866,64,0,0,233.3595,25,233.88811,0,245.3341,-1,234.39152
1083,2,12.13866,60,0,0,233.3595,1,233.88811,0,245.3341,-1,234.39152
1084,2,12.13866,49,1,0,233.3595,15,233.88811,0,245.3341,-1,234.39152
1085,2,12.13866,70,0,0,233.3595,1,233.88811,0,245.3341,-1,234.39152
1086,2,12.13866,74,0,0,233.3595,3,233.88811,0,245.3341,-1,234.39152
1087,2,12.13866,77,0,0,233.3595,25,233.88811,0,245.3341,-1,234.39152
1088,2,12.13866,45,1,0,233.3595,26,233.88811,0,245.3341,-1,234.39152
1089,2,12.13866,79,0,0,233.3595,23,233.88811,0,245.3341,-1,234.39152
1090,2,12.13866,57,0,0,233.3595,20,233.88811,0,245.3341,-1,234.39152
1091,2,12.13866,64,0,0,233.3595,25,233.88811,0,245.3341,-1,234.39152
1092,2,12.13866,66,0,0,233.3595,25,233.88811,0,245.3341,-1,234.39152
1093,2,12.13866,73,0,0,233.3595,4,233.88811,0,245.3341,-1,234.39152
1094,2,12.13866,70,0,0,233.3595,22,233.88811,0,245.3341,-1,234.39152
1095,2,12.13866,59,0,0,233.3595,25,233.88811,0,245.3341,-1,234.39152
1096,2,12.13866,60,0,0,233.3595,25,233.88811,0,245.3341,-1,234.39152
1097,2,12.13866,74,0,0,233.3595,8,233.88811,0,245.3341,-1,234.39152
1098,2,12.13866,71,0,0,233.3595,25,233.88811,0,245.3341,-1,234.39152
1099,2,12.13866,70,0,0,233.3595,1,233.88811,0,245.3341,-1,234.39152
1100,2,12.13866,55,0,0,233.3595,19,233.88811,0,245.3341,-1,234.39152
1101,2,12.13866,75,0,0,233.3595,21,233.88811,0,245.3341,-1,234.39152
1102,2,12.13866,59,0,0,233.3595,3,233.88811,0,245.3341,-1,234.39152
1103,2,12.13866,57,1,0,233.3595,19,233.88811,0,245.3341,-1,234.39152
1104,2,12.13866,67,0,0,233.3595,3,233.88811,0,245.3341,-1,234.39152
1105,2,12.13866,73,0,0,233.3595,25,233.88811,0,245.3341,-1,234.39152
1106,2,12.13866,70,0,0,233.3595,25,233.88811,0,245.3341,-1,234.39152
1107,2,12.13866,67,0,0,233.3595,25,233.88811,0,245.3341,-1,234.39152
1108,2,12.13866,67,0,0,233.3595,4,233.88811,0,245.3341,-1,234.39152
1109,2,12.13866,67,0,0,233.3595,25,233.88811,0,245.3341,-1,234.39152
1110,2,12.13866,66,0,0,233.3595,25,233.88811,0,245.3341,-1,234.39152
1111,2,12.13866,52,0,0,233.3595,25,233.88811,0,245.3341,-1,234.39152
1112,2,12.13866,61,0,0,233.3595,3,233.88811,0,245.3341,-1,234.39152
1113,2,12.13866,69,0,0,233.3595,1,233.88811,0,245.3341,-1,234.39152
1114,2,12.13866,79,0,0,233.3595,1,233.88811,0,245.3341,-1,234.39152
1115,2,12.13866,79,0,0,233.3595,8,233.88811,0,245.3341,-1,234.39152
1116,2,12.13866,89,0,0,233.3595,1,233.88811,0,245.3341,-1,234.39152
1117,2,12.13866,77,0,0,233.3595,26,233.88811,0,245.3341,-1,234.39152
1118,2,12.13866,70,0,0,233.3595,1,233.88811,0,245.3341,-1,234.39152
1119,2,12.13866,73,0,0,233.3595,13,233.88811,0,245.3341,-1,234.39152
1120,2,12.13866,70,0,0,233.3595,14,233.88811,0,245.3341,-1,234.39152
1121,2,12.13866,59,0,0,233.3595,25,233.88811,0,245.3341,-1,234.39152
1122,2,12.13866,66,0,0,233.3595,21,233.88811,0,245.3341,-1,234.39152
1123,2,12.13866,72,0,0,233.3595,25,233.88811,0,245.3341,-1,234.39152
1124,2,12.13866,54,1,0,233.3595,25,233.88811,0,245.3341,-1,234.39152
1125,2,12.13866,61,1,0,233.3595,9,233.88811,0,245.3341,-1,234.39152
1126,2,12.13866,67,0,0,233.3595,25,233.88811,0,245.3341,-1,234.39152
1127,2,12.13866,58,0,0,233.3595,1,233.88811,0,245.3341,-1,234.39152
1128,2,12.13866,68,0,0,233.3595,26,233.88811,0,245.3341,-1,234.39152
1129,2,12.13866,53,1,0,233.3595,25,233.88811,0,245.3341,-1,234.39152
1130,2,12.13866,51,1,0,233.3595,26,233.88811,0,245.3341,-1,234.39152
1131,2,12.13866,48,0,0,233.3595,13,233.88811,0,245.3341,-1,234.39152
1132,2,12.13866,71,0,0,233.3595,3,233.88811,0,245.3341,-1,234.39152
1133,2,12.13866,58,1,0,233.3595,25,233.88811,0,245.3341,-1,234.39152
1134,2,12.13866,56,0,0,233.3595,1,233.88811,0,245.3341,-1,234.39152
1135,2,12.13866,68,0,0,233.3595,1,233.88811,0,245.3341,-1,234.39152
1136,2,12.13866,65,0,0,233.3595,15,233.88811,0,245.3341,-1,234.39152
1137,2,12.13866,68,0,0,233.3595,1,233.88811,0,245.3341,-1,234.39152
1138,2,12.13866,61,2,0,233.3595,1,233.88811,0,245.3341,-1,234.39152
1139,2,12.13866,66,0,0,233.3595,19,233.88811,0,245.3341,-1,234.39152
1140,2,12.13866,74,0,0,233.3595,20,233.88811,0,245.3341,-1,234.39152
1141,2,12.13866,61,0,0,233.3595,1,233.88811,0,245.3341,-1,234.39152
1142,2,12.13866,69,0,0,233.3595,1,233.88811,0,245.3341,-1,234.39152
1143,2,12.13866,62,0,0,233.3595,26,233.88811,0,245.3341,-1,234.39152
1144,2,12.13866,62,1,0,233.3595,25,233.88811,0,245.3341,-1,234.39152
1145,2,12.13866,66,1,0,233.3595,25,233.88811,0,245.3341,-1,234.39152
1146,2,12.13866,65,0,0,233.3595,11,233.88811,0,245.3341,-1,234.39152
1147,2,12.13866,53,0,0,233.3595,24,233.88811,0,245.3341,-1,234.39152
1148,2,12.13866,53,1,0,233.3595,21,233.88811,0,245.3341,-1,234.39152
1149,2,12.13866,60,0,0,233.3595,5,233.88811,0,245.3341,-1,234.39152
1150,2,12.13866,73,0,0,233.3595,1,233.88811,0,245.3341,-1,234.39152
1151,2,12.13866,62,0,0,233.3595,16,233.88811,0,245.3341,-1,234.39152
1152,2,12.13866,64,0,0,233.3595,3,233.88811,0,245.3341,-1,234.39152
1153,2,12.13866,54,0,0,233.3595,4,233.88811,0,245.3341,-1,234.39152
1154,2,12.13866,58,2,0,233.3595,21,233.88811,0,245.3341,-1,234.39152
1155,2,12.13866,61,0,0,233.3595,24,233.88811,0,245.3341,-1,234.39152
1156,2,12.13866,59,1,0,233.3595,6,233.88811,0,245.3341,-1,234.39152
1157,2,12.13866,59,0,0,233.3595,18,233.88811,0,245.3341,-1,234.39152
1158,2,12.13866,72,0,0,233.3595,14,233.88811,0,245.3341,-1,234.39152
1159,2,12.13866,50,0,0,233.3595,5,233.88811,0,245.3341,-1,234.39152
1160,2,12.13866,58,0,0,233.3595,25,233.88811,0,245.3341,-1,234.39152
1161,2,12.13866,54,0,0,233.3595,1,233.88811,0,245.3341,-1,234.39152
1162,2,12.13866,59,0,0,233.3595,1,233.88811,0,245.3341,-1,234.39152
1163,2,12.13866,64,0,0,233.3595,4,233.88811,0,245.3341,-1,234.39152
1164,2,12.13866,61,0,0,233.3595,28,233.88811,0,245.3341,-1,234.39152
1165,2,12.13866,78,0,0,233.3595,28,233.88811,0,245.3341,-1,234.39152
1166,2,12.13866,62,0,0,233.3595,25,233.88811,0,245.3341,-1,234.39152
1167,2,12.13866,65,1,0,233.3595,26,233.88811,0,245.3341,-1,234.39152
1168,2,12.13866,51,0,0,233.3595,1,233.88811,0,245.3341,-1,234.39152
1169,2,12.13866,77,0,0,233.3595,25,233.88811,0,245.3341,-1,234.39152
1170,2,12.13866,65,0,0,233.3595,26,233.88811,0,245.3341,-1,234.39152
1171,2,12.13866,72,0,0,233.3595,1,233.88811,0,245.3341,-1,234.39152
1172,2,12.13866,58,1,0,233.3595,1,233.88811,0,245.3341,-1,234.39152
1173,2,12.13866,63,0,0,233.3595,3,233.88811,0,245.3341,-1,234.39152
1174,2,12.13866,70,0,0,233.3595,1,233.88811,0,245.3341,-1,234.39152
1175,2,12.13866,55,0,0,233.3595,28,233.88811,0,245.3341,-1,234.39152
1176,2,12.13866,63,1,0,233.3595,25,233.88811,0,245.3341,-1,234.39152
1177,2,12.13866,70,0,0,233.3595,19,233.88811,0,245.3341,-1,234.39152
1178,2,12.13866,67,0,0,233.3595,25,233.88811,0,245.3341,-1,234.39152
1179,2,12.13866,64,0,0,233.3595,5,233.88811,0,245.3341,-1,234.39152
1180,2,12.13866,64,0,0,233.3595,11,233.88811,0,245.3341,-1,234.39152
1181,2,12.13866,64,0,0,233.3595,1,233.88811,0,245.3341,-1,234.39152
1182,2,12.13866,59,0,0,233.3595,24,233.88811,0,245.3341,-1,234.39152
1183,2,12.13866,61,1,0,233.3595,25,233.88811,0,245.3341,-1,234.39152
1184,2,12.13866,71,0,0,233.3595,23,233.88811,0,245.3341,-1,234.39152
1185,2,12.13866,80,0,0,233.3595,22,233.88811,0,245.3341,-1,234.39152
1186,2,12.13866,58,0,0,233.3595,25,233.88811,0,245.3341,-1,234.39152
1187,2,12.13866,58,1,0,233.3595,25,233.88811,0,245.3341,-1,234.39152
1188,2,12.13866,64,0,0,233.3595,22,233.88811,0,245.3341,-1,234.39152
1189,2,12.13866,54,2,0,233.3595,14,233.88811,0,245.3341,-1,234.39152
1190,2,12.13866,55,0,0,233.3595,15,233.88811,0,245.3341,-1,234.39152
1191,2,12.13866,94,0,0,233.3595,22,233.88811,0,245.3341,-1,234.39152
1192,2,12.13866,78,0,0,233.3595,1,233.88811,0,245.3341,-1,234.39152
1193,2,12.13866,68,0,0,233.3595,1,233.88811,0,245.3341,-1,234.39152
1194,2,12.13866,62,0,0,233.3595,25,233.88811,0,245.3341,-1,234.39152
1195,2,12.13866,69,0,0,233.3595,24,233.88811,0,245.3341,-1,234.39152
1196,2,12.13866,61,0,0,233.3595,2,233.88811,0,245.3341,-1,234.39152
1197,2,12.13866,58,1,0,233.3595,1,233.88811,0,245.3341,-1,234.39152
1198,2,12.13866,71,0,0,233.3595,16,233.88811,0,245.3341,-1,234.39152
1199,2,12.13866,77,0,0,233.3595,26,233.88811,0,245.3341,-1,234.39152
